-- --------------------------------------------------------
-- Host:                         192.168.1.3
-- Server version:               9.3.0 - MySQL Community Server - GPL
-- Server OS:                    Linux
-- HeidiSQL Version:             12.10.0.7000
-- --------------------------------------------------------

/*!40101 SET @OLD_CHARACTER_SET_CLIENT=@@CHARACTER_SET_CLIENT */;
/*!40101 SET NAMES utf8 */;
/*!50503 SET NAMES utf8mb4 */;
/*!40103 SET @OLD_TIME_ZONE=@@TIME_ZONE */;
/*!40103 SET TIME_ZONE='+00:00' */;
/*!40014 SET @OLD_FOREIGN_KEY_CHECKS=@@FOREIGN_KEY_CHECKS, FOREIGN_KEY_CHECKS=0 */;
/*!40101 SET @OLD_SQL_MODE=@@SQL_MODE, SQL_MODE='NO_AUTO_VALUE_ON_ZERO' */;
/*!40111 SET @OLD_SQL_NOTES=@@SQL_NOTES, SQL_NOTES=0 */;

-- Dumping structure for table matcron_db.Groups
CREATE TABLE IF NOT EXISTS `Groups` (
                                        `Id` char(36) NOT NULL DEFAULT (uuid()),
    `ReceiverOrgId` char(36) NOT NULL,
    `SenderOrgId` char(36) DEFAULT NULL,
    `Name` varchar(100) NOT NULL,
    `Description` text,
    `Status` tinyint NOT NULL DEFAULT '0',
    `CreatedDate` datetime NOT NULL DEFAULT CURRENT_TIMESTAMP,
    `ModifiedDate` datetime DEFAULT NULL,
    `TransferOutPurpose` tinyint DEFAULT NULL,
    PRIMARY KEY (`Id`),
    KEY `OrgId` (`ReceiverOrgId`),
    KEY `Groups_ibfk_SenderOrg` (`SenderOrgId`),
    CONSTRAINT `Groups_ibfk_ReceiverOrg` FOREIGN KEY (`ReceiverOrgId`) REFERENCES `Organisations` (`Id`) ON DELETE CASCADE,
    CONSTRAINT `Groups_ibfk_SenderOrg` FOREIGN KEY (`SenderOrgId`) REFERENCES `Organisations` (`Id`) ON DELETE SET NULL
    ) ENGINE=InnoDB DEFAULT CHARSET=utf8mb4 COLLATE=utf8mb4_0900_ai_ci;

-- Dumping data for table matcron_db.Groups: ~18 rows (approximately)
DELETE FROM `Groups`;
INSERT INTO `Groups` (`Id`, `ReceiverOrgId`, `SenderOrgId`, `Name`, `Description`, `Status`, `CreatedDate`, `ModifiedDate`, `TransferOutPurpose`) VALUES
                                                                                                                                                      ('108c5c4d-5306-4b58-81f0-3c8ef908643b', '0bf389b4-e91b-45c0-bd2e-1d0c5920d08f', '3e176182-beca-11ef-a25f-0242ac180002', 'yest', 'hsha', 1, '2025-01-31 09:10:44', NULL, 1),
                                                                                                                                                      ('12c7a53d-7633-49cf-b7ea-591b83cd9d9f', '0bf389b4-e91b-45c0-bd2e-1d0c5920d08f', '3e176182-beca-11ef-a25f-0242ac180002', 'Group 001', 'This is a group that will be used to test flow.', 2, '2025-01-31 07:28:37', '2025-01-31 07:33:59', 1),
                                                                                                                                                      ('19c05f1d-f86f-11ef-baf0-32593a02fb1f', '0bf389b4-e91b-45c0-bd2e-1d0c5920d08f', '3e176182-beca-11ef-a25f-0242ac180002', 'Demo_group', 'This is a demo group for testing purposes.', 2, '2025-03-03 20:35:52', '2025-03-03 20:42:31', NULL),
                                                                                                                                                      ('1afbb1bd-399e-4606-b9f7-8c84ee167ec1', 'b34aa4cf-9b93-4423-b0de-313ce2e2bcdb', '3e176182-beca-11ef-a25f-0242ac180002', 'dhdh', 'dhdh', 1, '2025-01-31 09:10:17', NULL, 1),
                                                                                                                                                      ('1d66e224-5a74-47dc-858b-d49207ee0291', '3e176182-beca-11ef-a25f-0242ac180002', '3e176182-beca-11ef-a25f-0242ac180002', 'Philip test', 'need to wash', 1, '2025-03-07 02:37:34', NULL, 1),
                                                                                                                                                      ('32788989-f870-11ef-baf0-32593a02fb1f', '0bf389b4-e91b-45c0-bd2e-1d0c5920d08f', '3e176182-beca-11ef-a25f-0242ac180002', 'ICA_Demo', 'This is a demo group for testing purposes.', 2, '2025-03-03 20:43:43', '2025-03-03 20:55:21', NULL),
                                                                                                                                                      ('3a9071e2-e756-4f88-9e19-e43b4a6d242a', 'aafbb82a-e27d-11ef-b30d-0242ac130002', '3e176182-beca-11ef-a25f-0242ac180002', 'Jason', 'Test', 1, '2025-02-27 12:44:12', NULL, 1),
                                                                                                                                                      ('40ad649c-e199-447c-b4c1-0601dae1160e', '3e176182-beca-11ef-a25f-0242ac180002', '0bf389b4-e91b-45c0-bd2e-1d0c5920d08f', 'Group 004', 'Desc', 2, '2025-01-31 07:54:02', '2025-01-31 07:55:07', 1),
                                                                                                                                                      ('4aafd3c8-94f5-4467-b61b-8d5277487d2a', '0bf389b4-e91b-45c0-bd2e-1d0c5920d08f', '3e176182-beca-11ef-a25f-0242ac180002', 'Group 003', 'Desc', 1, '2025-01-31 07:50:27', NULL, 1),
                                                                                                                                                      ('55e42032-f1b8-4def-94cd-a803bef95235', '3e176182-beca-11ef-a25f-0242ac180002', 'aafbb82a-e27d-11ef-b30d-0242ac130002', 'Send to Swiss feel for wash ', 'mattress need washing ', 1, '2025-02-04 00:07:07', NULL, 1),
                                                                                                                                                      ('574c48de-6e92-4c52-960d-83fc7b691371', 'aafbb82a-e27d-11ef-b30d-0242ac130002', '3e176182-beca-11ef-a25f-0242ac180002', 'Test Groul', 'Yes', 1, '2025-03-04 12:08:02', NULL, 1),
                                                                                                                                                      ('6e576dc4-67f6-43e6-989a-9a73d5919beb', 'b34aa4cf-9b93-4423-b0de-313ce2e2bcdb', '3e176182-beca-11ef-a25f-0242ac180002', 'GroupTest', 'for matcron\n', 1, '2025-02-02 20:02:40', NULL, 1),
                                                                                                                                                      ('7870eb41-2b1c-4d03-b6c9-423d3686a4f3', 'aafbb82a-e27d-11ef-b30d-0242ac130002', '3e176182-beca-11ef-a25f-0242ac180002', 'Test Group', 'Maintenence', 1, '2025-02-25 13:57:26', NULL, 1),
                                                                                                                                                      ('b0d2eaee-8398-41d1-844a-242406773eee', '0bf389b4-e91b-45c0-bd2e-1d0c5920d08f', '3e176182-beca-11ef-a25f-0242ac180002', 'Group 002', 'This group will test proper notifications appearing.', 2, '2025-01-31 07:38:24', '2025-01-31 07:41:12', 4),
                                                                                                                                                      ('b2ba3996-91f2-40e4-8849-a4d48dccb502', '0bf389b4-e91b-45c0-bd2e-1d0c5920d08f', '3e176182-beca-11ef-a25f-0242ac180002', 'Test', 'Test', 2, '2025-01-31 08:04:47', '2025-01-31 08:05:38', 1),
                                                                                                                                                      ('d086f662-56a1-438a-8336-c2eee45d6d86', 'aafbb82a-e27d-11ef-b30d-0242ac130002', '3e176182-beca-11ef-a25f-0242ac180002', 'Show and Tell Group', 'Show and Tell', 1, '2025-03-11 13:40:44', NULL, 2),
                                                                                                                                                      ('d8428bcf-a214-4152-bc29-28200ba89799', '3e176182-beca-11ef-a25f-0242ac180002', '3e176182-beca-11ef-a25f-0242ac180002', 'Group1', 'swissfeel\n\n', 1, '2025-02-02 20:04:35', NULL, 2),
                                                                                                                                                      ('e344ebcd-8f6d-47c1-8a96-d3c9add368b6', 'aafbb82a-e27d-11ef-b30d-0242ac130002', '3e176182-beca-11ef-a25f-0242ac180002', 'Castel Bellingham order', 'Add to order \nCastel custom-1 \nSingle mattress - 2 \nQueen size mattress- 1', 2, '2025-02-03 23:32:37', '2025-02-03 23:53:40', 4);

-- Dumping structure for table matcron_db.LogMattresses
CREATE TABLE IF NOT EXISTS `LogMattresses` (
                                               `Id` char(36) NOT NULL DEFAULT (uuid()),
    `ObjectId` char(36) CHARACTER SET utf8mb4 COLLATE utf8mb4_0900_ai_ci NOT NULL,
    `Status` tinyint NOT NULL DEFAULT (0),
    `Details` json DEFAULT NULL,
    `Type` tinyint NOT NULL DEFAULT (0),
    `TimeStamp` datetime NOT NULL,
    PRIMARY KEY (`Id`)
    ) ENGINE=InnoDB DEFAULT CHARSET=utf8mb4 COLLATE=utf8mb4_0900_ai_ci;

-- Dumping data for table matcron_db.LogMattresses: ~168 rows (approximately)
DELETE FROM `LogMattresses`;
INSERT INTO `LogMattresses` (`Id`, `ObjectId`, `Status`, `Details`, `Type`, `TimeStamp`) VALUES
                                                                                             ('0081fb37-2202-4e66-84c1-5f7f76cdebdf', '1d66e224-5a74-47dc-858b-d49207ee0291', 8, '{"Detail": "Mattresses removed from group", "GroupId": "1d66e224-5a74-47dc-858b-d49207ee0291", "TimeStamp": "2025-03-19T11:53:09.9216382+00:00", "MattressIds": ["0a32cb86-8757-45d0-851a-59ce9f41453c"]}', 1, '2025-03-19 11:53:10'),
                                                                                             ('015d82aa-7479-4887-a4ac-37ea3554283d', '3a9071e2-e756-4f88-9e19-e43b4a6d242a', 8, '{"Detail": "Mattresses added to group", "GroupId": "3a9071e2-e756-4f88-9e19-e43b4a6d242a", "TimeStamp": "2025-03-05T09:22:29.6238142+00:00", "MattressIds": ["738e3d44-784e-4a48-8eaa-df55e402d606", "7e9a0203-a456-45c4-b98f-1880c56227bc", "aa29bc3e-9ac3-4456-bdf8-f1b64431521a"]}', 1, '2025-03-05 09:22:30'),
                                                                                             ('029fea7d-94e9-4db0-9ae7-355d0f432a57', '3a9071e2-e756-4f88-9e19-e43b4a6d242a', 8, '{"Detail": "Mattresses removed from group", "GroupId": "3a9071e2-e756-4f88-9e19-e43b4a6d242a", "TimeStamp": "2025-03-05T09:34:13.2060896+00:00", "MattressIds": ["1d632944-867c-4f28-a179-0866f1a052de"]}', 1, '2025-03-05 09:34:13'),
                                                                                             ('043f8de4-370e-403d-905d-45c7831b9f6f', '3a9071e2-e756-4f88-9e19-e43b4a6d242a', 8, '{"Detail": "Mattresses added to group", "GroupId": "3a9071e2-e756-4f88-9e19-e43b4a6d242a", "TimeStamp": "2025-03-28T19:32:41.6319716+00:00", "MattressIds": ["e517a5e1-e288-4796-9ce1-1eabb3b85152"]}', 1, '2025-03-28 19:32:42'),
                                                                                             ('06614e15-662e-495d-85b1-42e73f48f87b', '3a9071e2-e756-4f88-9e19-e43b4a6d242a', 8, '{"Detail": "Mattresses removed from group", "GroupId": "3a9071e2-e756-4f88-9e19-e43b4a6d242a", "TimeStamp": "2025-03-05T17:42:40.383095+00:00", "MattressIds": ["1d632944-867c-4f28-a179-0866f1a052de"]}', 1, '2025-03-05 17:42:40'),
                                                                                             ('07a94e56-827b-422f-9959-4fd562d0de73', '3a9071e2-e756-4f88-9e19-e43b4a6d242a', 8, '{"Detail": "Mattresses removed from group", "GroupId": "3a9071e2-e756-4f88-9e19-e43b4a6d242a", "TimeStamp": "2025-03-05T09:33:26.7959091+00:00", "MattressIds": ["59f2a6d4-909e-4f60-8de3-a4f747308e47"]}', 1, '2025-03-05 09:33:27'),
                                                                                             ('0932d11e-1fa9-4016-8e47-a0a1e63a7168', '3a9071e2-e756-4f88-9e19-e43b4a6d242a', 8, '{"Detail": "Mattresses removed from group", "GroupId": "3a9071e2-e756-4f88-9e19-e43b4a6d242a", "TimeStamp": "2025-03-05T17:57:26.2047099+00:00", "MattressIds": ["c17273fd-ca33-4296-bbc2-01f4ab4908bc"]}', 1, '2025-03-05 17:57:26'),
                                                                                             ('0d1c0430-e98b-49a3-8af5-353b6ceb3b28', 'd086f662-56a1-438a-8336-c2eee45d6d86', 0, '{"Detail": "New Group Show and Tell Group Created", "newGroup": {"Id": "d086f662-56a1-438a-8336-c2eee45d6d86", "Name": "Show and Tell Group", "Status": 1, "CreatedDate": "2025-03-11T13:40:44.29085Z", "Description": "Show and Tell", "SenderOrgId": "3e176182-beca-11ef-a25f-0242ac180002", "ModifiedDate": null, "ReceiverOrgId": "aafbb82a-e27d-11ef-b30d-0242ac130002", "MattressGroups": [], "SenderOrganisation": {"Id": "3e176182-beca-11ef-a25f-0242ac180002", "Eir": null, "Logo": "dev-logo.png", "Name": "SwissFeel", "Email": "dev@example.com", "Users": null, "County": null, "Mattresses": [], "Description": "A development organization for testing purposes.", "WebsiteLink": "https://www.devorganisation.com", "NormalAddress": "123 Dev Street, Tech City, 12345", "PostalAddress": "123 Dev Street, Tech City, 12345", "RegistrationNo": "DEV-123456", "OrganisationCode": "DEV123", "OrganisationType": "Development"}, "TransferOutPurpose": 2, "ReceiverOrganisation": {"Id": "aafbb82a-e27d-11ef-b30d-0242ac130002", "Eir": ", A91 RP44", "Logo": null, "Name": "Castel Bellingham", "Email": "castel@gmail.com", "Users": null, "County": "Louth", "Mattresses": [], "Description": "new cutomer", "WebsiteLink": "https://www.neworg.com", "NormalAddress": "Bellingham Castle, Castlebellingham, Co. Louth,", "PostalAddress": "Bellingham Castle, Castlebellingham, Co. Louth", "RegistrationNo": "REG123456", "OrganisationCode": "ORG999", "OrganisationType": "Hotel"}}, "TimeStamp": "2025-03-11T13:40:45.0238917+00:00"}', 1, '2025-03-11 13:40:45'),
                                                                                             ('10b8aeae-b040-491d-9c92-3192781e1773', '3a9071e2-e756-4f88-9e19-e43b4a6d242a', 8, '{"Detail": "Mattresses removed from group", "GroupId": "3a9071e2-e756-4f88-9e19-e43b4a6d242a", "TimeStamp": "2025-03-05T09:13:18.9334862+00:00", "MattressIds": ["1d632944-867c-4f28-a179-0866f1a052de"]}', 1, '2025-03-05 09:13:19'),
                                                                                             ('10ffd203-7f0c-4cc7-b65a-bbf4b8ac3261', 'da9ddfa8-2623-43c3-9aba-9e5630f6a48b', 0, '{"Detail": "New Mattress Created", "result": {"Uid": "da9ddfa8-2623-43c3-9aba-9e5630f6a48b", "OrgId": "3e176182-beca-11ef-a25f-0242ac180002", "Status": 0, "BatchNo": "", "EpcCode": "", "location": "Warehouse A", "DaysToRotate": 90, "LifeCyclesEnd": "2025-02-27T00:00:00", "MattressTypeId": "bad2da04-d7fe-11ef-8ca2-0242ac130002", "ProductionDate": "2025-02-27T00:00:00+00:00", "MattressTypeName": "King Size"}, "TimeStamp": "2025-02-27T16:54:03.2653393+00:00"}', 0, '2025-02-27 16:54:03'),
                                                                                             ('1270a98b-ff41-4be1-befa-123382902ee6', '108c5c4d-5306-4b58-81f0-3c8ef908643b', 8, '{"Detail": "Mattresses removed from group", "GroupId": "108c5c4d-5306-4b58-81f0-3c8ef908643b", "TimeStamp": "2025-03-03T20:33:09.9263626+00:00", "MattressIds": ["01178515-aea6-42f8-9b32-ff1535863b59"]}', 1, '2025-03-03 20:33:10'),
                                                                                             ('151efc97-9c79-4cf4-aac9-f5fcb7778e09', 'c17273fd-ca33-4296-bbc2-01f4ab4908bc', 4, '{"New": "Log", "Detail": "Updated Mattress Location", "Original": "Log Testing", "TimeStamp": "2025-03-17T16:48:26.977553+00:00"}', 0, '2025-03-17 16:48:27'),
                                                                                             ('15eefe68-7264-49ac-89d7-3308fd8db868', 'fe3809bf-4e6b-4dd1-b755-3ef882d78caa', 5, '{"New": 3, "Detail": "Updated Mattress Status", "Original": 0, "TimeStamp": "2025-04-06T14:31:28.289333+01:00"}', 0, '2025-04-06 14:31:28'),
                                                                                             ('1658252c-9850-4211-bbf9-f36bc8e8cfc5', '1d632944-867c-4f28-a179-0866f1a052de', 5, '{"New": 3, "Detail": "Updated Mattress Status", "Original": 4, "TimeStamp": "2025-03-07T00:32:14.9301073+00:00"}', 0, '2025-03-07 00:32:15'),
                                                                                             ('1686b1d6-4c7b-4b16-84dc-d94d19dd6730', '3a9071e2-e756-4f88-9e19-e43b4a6d242a', 8, '{"Detail": "Mattresses removed from group", "GroupId": "3a9071e2-e756-4f88-9e19-e43b4a6d242a", "TimeStamp": "2025-03-05T09:20:41.2778763+00:00", "MattressIds": ["738e3d44-784e-4a48-8eaa-df55e402d606"]}', 1, '2025-03-05 09:20:41'),
                                                                                             ('18fedf4b-fb9a-4d25-8c88-ad9aee060899', '8f6e1825-93d3-483e-9993-2a6faf92a0b7', 5, '{"New": 3, "Detail": "Updated Mattress Status", "Original": 4, "TimeStamp": "2025-03-20T22:49:51.2232068+00:00"}', 0, '2025-03-20 22:49:51'),
                                                                                             ('190514c8-5923-46d9-ae8f-af6d62f76e72', '3a9071e2-e756-4f88-9e19-e43b4a6d242a', 8, '{"Detail": "Mattresses removed from group", "GroupId": "3a9071e2-e756-4f88-9e19-e43b4a6d242a", "TimeStamp": "2025-03-05T18:02:37.4541079+00:00", "MattressIds": ["c17273fd-ca33-4296-bbc2-01f4ab4908bc"]}', 1, '2025-03-05 18:02:37'),
                                                                                             ('1a77e3c1-d944-45fa-9f13-8a781bd6c6c4', '3a9071e2-e756-4f88-9e19-e43b4a6d242a', 8, '{"Detail": "Mattresses added to group", "GroupId": "3a9071e2-e756-4f88-9e19-e43b4a6d242a", "TimeStamp": "2025-03-05T18:02:46.960006+00:00", "MattressIds": ["c17273fd-ca33-4296-bbc2-01f4ab4908bc"]}', 1, '2025-03-05 18:02:47'),
                                                                                             ('1bedd4bc-fdfa-4b35-a2b6-74b3157546f0', '3a9071e2-e756-4f88-9e19-e43b4a6d242a', 8, '{"Detail": "Mattresses removed from group", "GroupId": "3a9071e2-e756-4f88-9e19-e43b4a6d242a", "TimeStamp": "2025-03-05T09:20:45.2614453+00:00", "MattressIds": ["da9ddfa8-2623-43c3-9aba-9e5630f6a48b"]}', 1, '2025-03-05 09:20:45'),
                                                                                             ('1c2f1bbe-7cf5-44de-b63b-c68a4dba91eb', '3a9071e2-e756-4f88-9e19-e43b4a6d242a', 8, '{"Detail": "Mattresses added to group", "GroupId": "3a9071e2-e756-4f88-9e19-e43b4a6d242a", "TimeStamp": "2025-03-05T17:47:05.127772+00:00", "MattressIds": ["c17273fd-ca33-4296-bbc2-01f4ab4908bc"]}', 1, '2025-03-05 17:47:05'),
                                                                                             ('1c81066e-a8db-4759-bb42-d1cb378da10b', '59f2a6d4-909e-4f60-8de3-a4f747308e47', 4, '{"New": "RFID 1", "Detail": "Updated Mattress Location", "Original": "RFID 2", "TimeStamp": "2025-03-17T15:08:05.699825+00:00"}', 0, '2025-03-17 15:08:06'),
                                                                                             ('1c82fac6-8d08-4a2c-8874-9634781693ae', '3a9071e2-e756-4f88-9e19-e43b4a6d242a', 8, '{"Detail": "Mattresses removed from group", "GroupId": "3a9071e2-e756-4f88-9e19-e43b4a6d242a", "TimeStamp": "2025-02-27T13:09:43.7261366+00:00", "MattressIds": ["aa29bc3e-9ac3-4456-bdf8-f1b64431521a"]}', 1, '2025-02-27 13:09:44'),
                                                                                             ('1f830ce0-67e0-4097-885e-9d5ee1907af0', '59f2a6d4-909e-4f60-8de3-a4f747308e47', 5, '{"New": 1, "Detail": "Updated Mattress Status", "Original": 0, "TimeStamp": "2025-03-17T15:08:05.645712+00:00"}', 0, '2025-03-17 15:08:06'),
                                                                                             ('21900632-4c2f-4434-8d01-352a07f97664', '3a9071e2-e756-4f88-9e19-e43b4a6d242a', 8, '{"Detail": "Mattresses removed from group", "GroupId": "3a9071e2-e756-4f88-9e19-e43b4a6d242a", "TimeStamp": "2025-02-27T13:42:25.2162375+00:00", "MattressIds": ["aa29bc3e-9ac3-4456-bdf8-f1b64431521a"]}', 1, '2025-02-27 13:42:25'),
                                                                                             ('247b2d63-42df-4ac7-b875-0fccdd47f3e8', '3a9071e2-e756-4f88-9e19-e43b4a6d242a', 8, '{"Detail": "Mattresses removed from group", "GroupId": "3a9071e2-e756-4f88-9e19-e43b4a6d242a", "TimeStamp": "2025-03-05T17:58:49.3187345+00:00", "MattressIds": ["c17273fd-ca33-4296-bbc2-01f4ab4908bc"]}', 1, '2025-03-05 17:58:49'),
                                                                                             ('24a5db93-dd21-4fa6-b526-75de4617f00c', '3a9071e2-e756-4f88-9e19-e43b4a6d242a', 8, '{"Detail": "Mattresses removed from group", "GroupId": "3a9071e2-e756-4f88-9e19-e43b4a6d242a", "TimeStamp": "2025-03-05T09:26:16.5038618+00:00", "MattressIds": ["1d632944-867c-4f28-a179-0866f1a052de"]}', 1, '2025-03-05 09:26:17'),
                                                                                             ('2623a1b8-aafa-4877-90fc-d12f2f13a085', '3a9071e2-e756-4f88-9e19-e43b4a6d242a', 8, '{"Detail": "Mattresses added to group", "GroupId": "3a9071e2-e756-4f88-9e19-e43b4a6d242a", "TimeStamp": "2025-03-05T09:13:03.4024724+00:00", "MattressIds": ["1d632944-867c-4f28-a179-0866f1a052de", "59f2a6d4-909e-4f60-8de3-a4f747308e47"]}', 1, '2025-03-05 09:13:03'),
                                                                                             ('26d42a60-3448-4414-b203-45b34145abed', '574c48de-6e92-4c52-960d-83fc7b691371', 8, '{"Detail": "Mattresses removed from group", "GroupId": "574c48de-6e92-4c52-960d-83fc7b691371", "TimeStamp": "2025-03-04T12:15:50.2709197+00:00", "MattressIds": ["1d632944-867c-4f28-a179-0866f1a052de"]}', 1, '2025-03-04 12:15:50'),
                                                                                             ('26f89c56-2963-4364-9443-0eb136272f7a', '3a9071e2-e756-4f88-9e19-e43b4a6d242a', 8, '{"Detail": "Mattresses removed from group", "GroupId": "3a9071e2-e756-4f88-9e19-e43b4a6d242a", "TimeStamp": "2025-03-05T17:42:38.7751565+00:00", "MattressIds": ["da9ddfa8-2623-43c3-9aba-9e5630f6a48b"]}', 1, '2025-03-05 17:42:39'),
                                                                                             ('273e521a-26ff-479b-948a-445718fff4bf', '19c05f1d-f86f-11ef-baf0-32593a02fb1f', 5, '{"group": {"Id": "19c05f1d-f86f-11ef-baf0-32593a02fb1f", "Name": "Demo_group", "Users": [], "Status": 2, "CreatedDate": "2025-03-03T20:35:52", "Description": "This is a demo group for testing purposes.", "SenderOrgId": "3e176182-beca-11ef-a25f-0242ac180002", "ModifiedDate": "2025-03-03T20:42:30.6008935+00:00", "ReceiverOrgId": "0bf389b4-e91b-45c0-bd2e-1d0c5920d08f", "MattressGroups": [{"GroupId": "19c05f1d-f86f-11ef-baf0-32593a02fb1f", "Mattress": {"Uid": "01178515-aea6-42f8-9b32-ff1535863b59", "OrgId": "0bf389b4-e91b-45c0-bd2e-1d0c5920d08f", "Status": 6, "BatchNo": "", "EpcCode": "", "Location": null, "DaysToRotate": 0, "MattressType": null, "Organisation": null, "LifeCyclesEnd": "2025-01-24T00:00:00", "MattressGroups": [], "MattressTypeId": "bad2ee39-d7fe-11ef-8ca2-0242ac130002", "ProductionDate": "2025-01-24T00:00:00", "LatestDateRotate": null}, "MattressId": "01178515-aea6-42f8-9b32-ff1535863b59", "DateAssociated": "2025-03-03T20:38:37", "DateDisassociated": null}], "SenderOrganisation": null, "TransferOutPurpose": null, "ReceiverOrganisation": null}, "Detail": "Group Imported", "TimeStamp": "2025-03-03T20:42:30.6158298+00:00"}', 1, '2025-03-03 20:42:31'),
                                                                                             ('28aab08c-bee0-4da7-9be7-f12463964211', '32788989-f870-11ef-baf0-32593a02fb1f', 8, '{"Detail": "Mattresses added to group", "GroupId": "32788989-f870-11ef-baf0-32593a02fb1f", "TimeStamp": "2025-03-03T20:53:08.054838+00:00", "MattressIds": ["597d0cba-f86e-11ef-baf0-32593a02fb1f", "82ff60c5-f870-11ef-baf0-32593a02fb1f"]}', 1, '2025-03-03 20:53:08'),
                                                                                             ('2c4cbf88-c267-4e25-b88a-63568b666205', '3a9071e2-e756-4f88-9e19-e43b4a6d242a', 8, '{"Detail": "Mattresses removed from group", "GroupId": "3a9071e2-e756-4f88-9e19-e43b4a6d242a", "TimeStamp": "2025-03-05T17:37:36.2966016+00:00", "MattressIds": ["c17273fd-ca33-4296-bbc2-01f4ab4908bc"]}', 1, '2025-03-05 17:37:36'),
                                                                                             ('2e8768b6-0137-45ce-ba70-5d70cdfeeda2', 'c17273fd-ca33-4296-bbc2-01f4ab4908bc', 5, '{"New": 0, "Detail": "Updated Mattress Status", "Original": 3, "TimeStamp": "2025-03-06T12:59:37.0333839+00:00"}', 0, '2025-03-06 12:59:37'),
                                                                                             ('2f83dd8b-f430-44e4-a1ff-620d35ecd837', '3a9071e2-e756-4f88-9e19-e43b4a6d242a', 8, '{"Detail": "Mattresses removed from group", "GroupId": "3a9071e2-e756-4f88-9e19-e43b4a6d242a", "TimeStamp": "2025-03-05T17:58:33.2517309+00:00", "MattressIds": ["c17273fd-ca33-4296-bbc2-01f4ab4908bc"]}', 1, '2025-03-05 17:58:33'),
                                                                                             ('2f8c4cdd-dca1-4a01-bdf2-f6dca830cc11', '3a9071e2-e756-4f88-9e19-e43b4a6d242a', 8, '{"Detail": "Mattresses removed from group", "GroupId": "3a9071e2-e756-4f88-9e19-e43b4a6d242a", "TimeStamp": "2025-03-05T17:47:45.4023132+00:00", "MattressIds": ["aa29bc3e-9ac3-4456-bdf8-f1b64431521a"]}', 1, '2025-03-05 17:47:45'),
                                                                                             ('3176f97b-e0b2-4e8c-af4c-fb69f8a82848', '3a9071e2-e756-4f88-9e19-e43b4a6d242a', 8, '{"Detail": "Mattresses added to group", "GroupId": "3a9071e2-e756-4f88-9e19-e43b4a6d242a", "TimeStamp": "2025-02-27T12:52:26.9727462+00:00", "MattressIds": ["aa29bc3e-9ac3-4456-bdf8-f1b64431521a"]}', 1, '2025-02-27 12:52:27'),
                                                                                             ('35061f22-d33f-4566-b875-fc0f4b88ddb6', 'fe3809bf-4e6b-4dd1-b755-3ef882d78caa', 4, '{"New": "philip", "Detail": "Updated Mattress Location", "Original": "rry", "TimeStamp": "2025-04-06T14:31:28.582179+01:00"}', 0, '2025-04-06 14:31:29'),
                                                                                             ('35d86516-8093-4650-a56e-43be4b06331f', '3a9071e2-e756-4f88-9e19-e43b4a6d242a', 8, '{"Detail": "Mattresses added to group", "GroupId": "3a9071e2-e756-4f88-9e19-e43b4a6d242a", "TimeStamp": "2025-02-27T13:42:20.8813714+00:00", "MattressIds": ["1d632944-867c-4f28-a179-0866f1a052de", "aa29bc3e-9ac3-4456-bdf8-f1b64431521a", "01178515-aea6-42f8-9b32-ff1535863b59"]}', 1, '2025-02-27 13:42:21'),
                                                                                             ('36510616-76d4-4e52-a274-78c64fd20806', '1d632944-867c-4f28-a179-0866f1a052de', 5, '{"New": 4, "Detail": "Updated Mattress Status", "Original": 3, "TimeStamp": "2025-03-07T00:35:21.3977471+00:00"}', 0, '2025-03-07 00:35:21'),
                                                                                             ('36c810b4-5399-49c5-9a14-0572d68bb265', 'c17273fd-ca33-4296-bbc2-01f4ab4908bc', 4, '{"New": "Log Testing", "Detail": "Updated Mattress Location", "Original": "Log Testingg", "TimeStamp": "2025-03-07T09:50:15.5001362+00:00"}', 0, '2025-03-07 09:50:16'),
                                                                                             ('36f9f454-5984-494c-8cd3-b9d3fce253dc', '3a9071e2-e756-4f88-9e19-e43b4a6d242a', 8, '{"Detail": "Mattresses removed from group", "GroupId": "3a9071e2-e756-4f88-9e19-e43b4a6d242a", "TimeStamp": "2025-03-05T14:12:59.1486176+00:00", "MattressIds": ["7e9a0203-a456-45c4-b98f-1880c56227bc"]}', 1, '2025-03-05 14:12:59'),
                                                                                             ('3723be94-d239-4db1-bb50-d4b812325d21', '82ff60c5-f870-11ef-baf0-32593a02fb1f', 1, '{"Detail": "Mattress Transported Out", "mattress": {"Uid": "82ff60c5-f870-11ef-baf0-32593a02fb1f", "OrgId": "3e176182-beca-11ef-a25f-0242ac180002", "Status": 6, "BatchNo": "BATCH12345", "EpcCode": "EPC-987654321", "Location": "Store", "DaysToRotate": 180, "MattressType": null, "Organisation": null, "LifeCyclesEnd": "2035-03-03T00:00:00", "MattressGroups": [{"Group": {"Id": "32788989-f870-11ef-baf0-32593a02fb1f", "Name": "ICA_Demo", "Users": [], "Status": 1, "CreatedDate": "2025-03-03T20:43:43", "Description": "This is a demo group for testing purposes.", "SenderOrgId": "3e176182-beca-11ef-a25f-0242ac180002", "ModifiedDate": null, "ReceiverOrgId": "0bf389b4-e91b-45c0-bd2e-1d0c5920d08f", "MattressGroups": [{"GroupId": "32788989-f870-11ef-baf0-32593a02fb1f", "Mattress": {"Uid": "597d0cba-f86e-11ef-baf0-32593a02fb1f", "OrgId": "3e176182-beca-11ef-a25f-0242ac180002", "Status": 6, "BatchNo": "BATCH12345", "EpcCode": "EPC-987654321", "Location": "Store", "DaysToRotate": 180, "MattressType": null, "Organisation": null, "LifeCyclesEnd": "2035-03-03T00:00:00", "MattressGroups": [], "MattressTypeId": "466fd4af-c747-493f-ac5e-32fe02c8b6ac", "ProductionDate": "2025-03-03T00:00:00", "LatestDateRotate": "2025-08-30T00:00:00"}, "MattressId": "597d0cba-f86e-11ef-baf0-32593a02fb1f", "DateAssociated": "2025-03-03T20:53:08", "DateDisassociated": null}], "SenderOrganisation": null, "TransferOutPurpose": null, "ReceiverOrganisation": null}, "GroupId": "32788989-f870-11ef-baf0-32593a02fb1f", "MattressId": "82ff60c5-f870-11ef-baf0-32593a02fb1f", "DateAssociated": "2025-03-03T20:53:08", "DateDisassociated": null}], "MattressTypeId": "466fd4af-c747-493f-ac5e-32fe02c8b6ac", "ProductionDate": "2025-03-03T00:00:00", "LatestDateRotate": "2025-08-30T00:00:00"}, "TimeStamp": "2025-03-03T20:54:35.356314+00:00"}', 0, '2025-03-03 20:54:35'),
                                                                                             ('3772318a-b080-4aa3-8ae3-fe3c3d0f9392', '3a9071e2-e756-4f88-9e19-e43b4a6d242a', 8, '{"Detail": "Mattresses added to group", "GroupId": "3a9071e2-e756-4f88-9e19-e43b4a6d242a", "TimeStamp": "2025-03-05T17:37:25.0180799+00:00", "MattressIds": ["c17273fd-ca33-4296-bbc2-01f4ab4908bc"]}', 1, '2025-03-05 17:37:25'),
                                                                                             ('39ef6533-5a1e-4186-8cbd-96ab3fb971c1', '3a9071e2-e756-4f88-9e19-e43b4a6d242a', 8, '{"Detail": "Mattresses removed from group", "GroupId": "3a9071e2-e756-4f88-9e19-e43b4a6d242a", "TimeStamp": "2025-03-05T09:34:57.4704676+00:00", "MattressIds": ["738e3d44-784e-4a48-8eaa-df55e402d606"]}', 1, '2025-03-05 09:34:57'),
                                                                                             ('3a9520b6-65e1-4f0b-bf42-abb64fded058', '3a9071e2-e756-4f88-9e19-e43b4a6d242a', 8, '{"Detail": "Mattresses added to group", "GroupId": "3a9071e2-e756-4f88-9e19-e43b4a6d242a", "TimeStamp": "2025-03-05T17:37:47.2005296+00:00", "MattressIds": ["c17273fd-ca33-4296-bbc2-01f4ab4908bc"]}', 1, '2025-03-05 17:37:47'),
                                                                                             ('3b9b08d9-7a82-45ef-b3f4-122dec649c07', '108c5c4d-5306-4b58-81f0-3c8ef908643b', 8, '{"Detail": "Mattresses removed from group", "GroupId": "108c5c4d-5306-4b58-81f0-3c8ef908643b", "TimeStamp": "2025-02-27T13:34:14.4457243+00:00", "MattressIds": ["01178515-aea6-42f8-9b32-ff1535863b59"]}', 1, '2025-02-27 13:34:14'),
                                                                                             ('3bc588f3-2fa7-4823-8386-f4704cd7792d', '3a9071e2-e756-4f88-9e19-e43b4a6d242a', 8, '{"Detail": "Mattresses removed from group", "GroupId": "3a9071e2-e756-4f88-9e19-e43b4a6d242a", "TimeStamp": "2025-03-05T18:00:07.6254539+00:00", "MattressIds": ["c17273fd-ca33-4296-bbc2-01f4ab4908bc"]}', 1, '2025-03-05 18:00:08'),
                                                                                             ('3c73238d-f9b4-410f-b00c-7b39da0a55c7', '3a9071e2-e756-4f88-9e19-e43b4a6d242a', 8, '{"Detail": "Mattresses removed from group", "GroupId": "3a9071e2-e756-4f88-9e19-e43b4a6d242a", "TimeStamp": "2025-03-05T18:03:02.5602073+00:00", "MattressIds": ["c17273fd-ca33-4296-bbc2-01f4ab4908bc"]}', 1, '2025-03-05 18:03:03'),
                                                                                             ('408ec736-2de3-41a2-8560-0b07561d5768', '3a9071e2-e756-4f88-9e19-e43b4a6d242a', 8, '{"Detail": "Mattresses removed from group", "GroupId": "3a9071e2-e756-4f88-9e19-e43b4a6d242a", "TimeStamp": "2025-03-05T17:38:19.329365+00:00", "MattressIds": ["da9ddfa8-2623-43c3-9aba-9e5630f6a48b"]}', 1, '2025-03-05 17:38:19'),
                                                                                             ('40beb141-2015-4e76-b04c-ba2361c3e65b', '3a9071e2-e756-4f88-9e19-e43b4a6d242a', 8, '{"Detail": "Mattresses removed from group", "GroupId": "3a9071e2-e756-4f88-9e19-e43b4a6d242a", "TimeStamp": "2025-03-05T08:41:57.2703428+00:00", "MattressIds": ["1d632944-867c-4f28-a179-0866f1a052de"]}', 1, '2025-03-05 08:41:57'),
                                                                                             ('41c6fc62-6793-40fb-b1fd-5dfe7fd33934', '3a9071e2-e756-4f88-9e19-e43b4a6d242a', 8, '{"Detail": "Mattresses added to group", "GroupId": "3a9071e2-e756-4f88-9e19-e43b4a6d242a", "TimeStamp": "2025-03-06T07:36:41.0897503+00:00", "MattressIds": ["738e3d44-784e-4a48-8eaa-df55e402d606", "59f2a6d4-909e-4f60-8de3-a4f747308e47", "1d632944-867c-4f28-a179-0866f1a052de"]}', 1, '2025-03-06 07:36:41'),
                                                                                             ('42f84371-f5b6-4b8c-8220-430a2f97660f', '3a9071e2-e756-4f88-9e19-e43b4a6d242a', 8, '{"Detail": "Mattresses added to group", "GroupId": "3a9071e2-e756-4f88-9e19-e43b4a6d242a", "TimeStamp": "2025-03-05T09:34:06.4229984+00:00", "MattressIds": ["1d632944-867c-4f28-a179-0866f1a052de", "59f2a6d4-909e-4f60-8de3-a4f747308e47", "738e3d44-784e-4a48-8eaa-df55e402d606"]}', 1, '2025-03-05 09:34:06'),
                                                                                             ('439b5384-4cee-45d3-b527-efbb693365f9', '574c48de-6e92-4c52-960d-83fc7b691371', 8, '{"Detail": "Mattresses added to group", "GroupId": "574c48de-6e92-4c52-960d-83fc7b691371", "TimeStamp": "2025-03-04T12:14:24.0090787+00:00", "MattressIds": ["1d632944-867c-4f28-a179-0866f1a052de", "59f2a6d4-909e-4f60-8de3-a4f747308e47"]}', 1, '2025-03-04 12:14:24'),
                                                                                             ('44b6ec56-e629-4365-8dfd-7f91dd6b1b6c', '3a9071e2-e756-4f88-9e19-e43b4a6d242a', 0, '{"Detail": "New Group Jason Created", "newGroup": {"Id": "3a9071e2-e756-4f88-9e19-e43b4a6d242a", "Name": "Jason", "Users": [], "Status": 1, "CreatedDate": "2025-02-27T12:44:11.9997558Z", "Description": "Test", "SenderOrgId": "3e176182-beca-11ef-a25f-0242ac180002", "ModifiedDate": null, "ReceiverOrgId": "aafbb82a-e27d-11ef-b30d-0242ac130002", "MattressGroups": [], "SenderOrganisation": {"Id": "3e176182-beca-11ef-a25f-0242ac180002", "Eir": null, "Logo": "dev-logo.png", "Name": "SwissFeel", "Email": "dev@example.com", "Users": null, "County": null, "Mattresses": [], "Description": "A development organization for testing purposes.", "WebsiteLink": "https://www.devorganisation.com", "NormalAddress": "123 Dev Street, Tech City, 12345", "PostalAddress": "123 Dev Street, Tech City, 12345", "RegistrationNo": "DEV-123456", "OrganisationCode": "DEV123", "OrganisationType": "Development"}, "TransferOutPurpose": 1, "ReceiverOrganisation": {"Id": "aafbb82a-e27d-11ef-b30d-0242ac130002", "Eir": ", A91 RP44", "Logo": null, "Name": "Castel Bellingham", "Email": "castel@gmail.com", "Users": null, "County": "Louth", "Mattresses": [], "Description": "new cutomer", "WebsiteLink": "https://www.neworg.com", "NormalAddress": "Bellingham Castle, Castlebellingham, Co. Louth,", "PostalAddress": "Bellingham Castle, Castlebellingham, Co. Louth", "RegistrationNo": "REG123456", "OrganisationCode": "ORG999", "OrganisationType": "Hotel"}}, "TimeStamp": "2025-02-27T12:44:12.6385821+00:00"}', 1, '2025-02-27 12:44:13'),
                                                                                             ('456f54bb-c036-4afc-9ed9-69f748ae1031', '3a9071e2-e756-4f88-9e19-e43b4a6d242a', 8, '{"Detail": "Mattresses added to group", "GroupId": "3a9071e2-e756-4f88-9e19-e43b4a6d242a", "TimeStamp": "2025-03-05T08:31:30.2720149+00:00", "MattressIds": ["1d632944-867c-4f28-a179-0866f1a052de"]}', 1, '2025-03-05 08:31:30'),
                                                                                             ('458cc197-5de5-41aa-ba32-db311a1ebfea', '3a9071e2-e756-4f88-9e19-e43b4a6d242a', 8, '{"Detail": "Mattresses removed from group", "GroupId": "3a9071e2-e756-4f88-9e19-e43b4a6d242a", "TimeStamp": "2025-02-27T17:33:50.8254684+00:00", "MattressIds": ["01178515-aea6-42f8-9b32-ff1535863b59"]}', 1, '2025-02-27 17:33:51'),
                                                                                             ('487ce7f9-a16a-47ee-9644-5944aa91ec3c', '19c05f1d-f86f-11ef-baf0-32593a02fb1f', 1, '{"group": {"Id": "19c05f1d-f86f-11ef-baf0-32593a02fb1f", "Name": "Demo_group", "Users": [], "Status": 1, "CreatedDate": "2025-03-03T20:35:52", "Description": "This is a demo group for testing purposes.", "SenderOrgId": "3e176182-beca-11ef-a25f-0242ac180002", "ModifiedDate": null, "ReceiverOrgId": "0bf389b4-e91b-45c0-bd2e-1d0c5920d08f", "MattressGroups": [{"GroupId": "19c05f1d-f86f-11ef-baf0-32593a02fb1f", "Mattress": {"Uid": "01178515-aea6-42f8-9b32-ff1535863b59", "OrgId": "3e176182-beca-11ef-a25f-0242ac180002", "Status": 6, "BatchNo": "", "EpcCode": "", "Location": "warehouse", "DaysToRotate": 0, "MattressType": null, "Organisation": null, "LifeCyclesEnd": "2025-01-24T00:00:00", "MattressGroups": [], "MattressTypeId": "bad2ee39-d7fe-11ef-8ca2-0242ac130002", "ProductionDate": "2025-01-24T00:00:00", "LatestDateRotate": null}, "MattressId": "01178515-aea6-42f8-9b32-ff1535863b59", "DateAssociated": "2025-03-03T20:38:37", "DateDisassociated": null}], "SenderOrganisation": null, "TransferOutPurpose": null, "ReceiverOrganisation": null}, "Detail": "Group Transported out", "TimeStamp": "2025-03-03T20:38:44.6323187+00:00"}', 1, '2025-03-03 20:38:45'),
                                                                                             ('49a42f41-6801-4bc3-b660-7df0af13f1cb', '574c48de-6e92-4c52-960d-83fc7b691371', 8, '{"Detail": "Mattresses removed from group", "GroupId": "574c48de-6e92-4c52-960d-83fc7b691371", "TimeStamp": "2025-03-04T12:15:46.8195574+00:00", "MattressIds": ["59f2a6d4-909e-4f60-8de3-a4f747308e47"]}', 1, '2025-03-04 12:15:47'),
                                                                                             ('4c754377-1472-4db1-893d-b56c279ffe49', '3a9071e2-e756-4f88-9e19-e43b4a6d242a', 8, '{"Detail": "Mattresses removed from group", "GroupId": "3a9071e2-e756-4f88-9e19-e43b4a6d242a", "TimeStamp": "2025-03-05T09:32:28.7479706+00:00", "MattressIds": ["7e9a0203-a456-45c4-b98f-1880c56227bc"]}', 1, '2025-03-05 09:32:29'),
                                                                                             ('4d1f688f-219c-4353-81d3-a760c4dd81a9', '738e3d44-784e-4a48-8eaa-df55e402d606', 0, '{"Detail": "New Mattress Created", "result": {"Uid": "738e3d44-784e-4a48-8eaa-df55e402d606", "OrgId": "3e176182-beca-11ef-a25f-0242ac180002", "Status": 0, "BatchNo": "", "EpcCode": "", "location": "Warehouse B", "DaysToRotate": 90, "LifeCyclesEnd": "2025-02-27T00:00:00", "MattressTypeId": "bad2ee39-d7fe-11ef-8ca2-0242ac130002", "ProductionDate": "2025-02-27T00:00:00+00:00", "MattressTypeName": "Queen Size"}, "TimeStamp": "2025-02-27T17:01:40.6415936+00:00"}', 0, '2025-02-27 17:01:41'),
                                                                                             ('4dda2468-8c56-40d7-a7cb-13a9da693c02', '1d66e224-5a74-47dc-858b-d49207ee0291', 8, '{"Detail": "Mattresses added to group", "GroupId": "1d66e224-5a74-47dc-858b-d49207ee0291", "TimeStamp": "2025-03-07T02:39:32.3169737+00:00", "MattressIds": ["1d632944-867c-4f28-a179-0866f1a052de"]}', 1, '2025-03-07 02:39:32'),
                                                                                             ('4f7b9b59-d6d8-4dab-b267-a6a44f45805d', 'c17273fd-ca33-4296-bbc2-01f4ab4908bc', 5, '{"New": 4, "Detail": "Updated Mattress Status", "Original": 0, "TimeStamp": "2025-03-06T14:59:35.7223336+00:00"}', 0, '2025-03-06 14:59:36'),
                                                                                             ('54e44109-2562-4973-9e69-8545c0116634', '3a9071e2-e756-4f88-9e19-e43b4a6d242a', 8, '{"Detail": "Mattresses added to group", "GroupId": "3a9071e2-e756-4f88-9e19-e43b4a6d242a", "TimeStamp": "2025-03-05T17:41:42.2258481+00:00", "MattressIds": ["1d632944-867c-4f28-a179-0866f1a052de", "59f2a6d4-909e-4f60-8de3-a4f747308e47", "da9ddfa8-2623-43c3-9aba-9e5630f6a48b"]}', 1, '2025-03-05 17:41:42'),
                                                                                             ('5741629e-c981-414e-8a49-47cf3d9cb555', '3a9071e2-e756-4f88-9e19-e43b4a6d242a', 8, '{"Detail": "Mattresses removed from group", "GroupId": "3a9071e2-e756-4f88-9e19-e43b4a6d242a", "TimeStamp": "2025-03-07T02:39:13.3091172+00:00", "MattressIds": ["c17273fd-ca33-4296-bbc2-01f4ab4908bc"]}', 1, '2025-03-07 02:39:13'),
                                                                                             ('586b98e3-9e21-4632-b92c-a5438357ab33', '3a9071e2-e756-4f88-9e19-e43b4a6d242a', 8, '{"Detail": "Mattresses removed from group", "GroupId": "3a9071e2-e756-4f88-9e19-e43b4a6d242a", "TimeStamp": "2025-03-05T18:01:08.5439902+00:00", "MattressIds": ["c17273fd-ca33-4296-bbc2-01f4ab4908bc"]}', 1, '2025-03-05 18:01:09'),
                                                                                             ('58ad9b68-5273-472a-b920-2acf69138bf5', '738e3d44-784e-4a48-8eaa-df55e402d606', 4, '{"New": "Warehouse x", "Detail": "Updated Mattress Location", "Original": "Warehouse A", "TimeStamp": "2025-03-17T14:59:21.230148+00:00"}', 0, '2025-03-17 14:59:21'),
                                                                                             ('5a1c0797-98e9-401f-8eea-a50caa0f4c1e', '3a9071e2-e756-4f88-9e19-e43b4a6d242a', 8, '{"Detail": "Mattresses removed from group", "GroupId": "3a9071e2-e756-4f88-9e19-e43b4a6d242a", "TimeStamp": "2025-03-05T17:47:44.410193+00:00", "MattressIds": ["c17273fd-ca33-4296-bbc2-01f4ab4908bc"]}', 1, '2025-03-05 17:47:44'),
                                                                                             ('5aea7a3f-2fcb-43dd-84c7-dd844e985b12', '3a9071e2-e756-4f88-9e19-e43b4a6d242a', 8, '{"Detail": "Mattresses removed from group", "GroupId": "3a9071e2-e756-4f88-9e19-e43b4a6d242a", "TimeStamp": "2025-03-05T14:12:48.4827939+00:00", "MattressIds": ["59f2a6d4-909e-4f60-8de3-a4f747308e47"]}', 1, '2025-03-05 14:12:48'),
                                                                                             ('5b7cdb2f-8179-4e48-9af5-926c0091ba10', '738e3d44-784e-4a48-8eaa-df55e402d606', 4, '{"New": "Warehouse AB", "Detail": "Updated Mattress Location", "Original": "Warehouse x", "TimeStamp": "2025-03-17T15:02:08.284982+00:00"}', 0, '2025-03-17 15:02:08'),
                                                                                             ('5c9f9b2e-a21a-43f1-8e3a-be8898341eb2', '3a9071e2-e756-4f88-9e19-e43b4a6d242a', 8, '{"Detail": "Mattresses removed from group", "GroupId": "3a9071e2-e756-4f88-9e19-e43b4a6d242a", "TimeStamp": "2025-02-27T17:33:46.0128758+00:00", "MattressIds": ["59f2a6d4-909e-4f60-8de3-a4f747308e47"]}', 1, '2025-02-27 17:33:46'),
                                                                                             ('5fd8cf6b-e87f-4880-870e-e2a42766edae', 'c17273fd-ca33-4296-bbc2-01f4ab4908bc', 0, '{"Detail": "New Mattress Created", "result": {"Uid": "c17273fd-ca33-4296-bbc2-01f4ab4908bc", "OrgId": "3e176182-beca-11ef-a25f-0242ac180002", "Status": 0, "BatchNo": "", "EpcCode": "", "location": "Test RFID", "DaysToRotate": 90, "LifeCyclesEnd": "2025-03-05T00:00:00", "MattressTypeId": "bad2da04-d7fe-11ef-8ca2-0242ac130002", "ProductionDate": "2025-03-05T00:00:00+00:00", "MattressTypeName": "King Size"}, "TimeStamp": "2025-03-05T17:36:37.2984301+00:00"}', 0, '2025-03-05 17:36:37'),
                                                                                             ('6063fa42-3b40-4878-8c83-7e2163a1adeb', 'c17273fd-ca33-4296-bbc2-01f4ab4908bc', 5, '{"New": 0, "Detail": "Updated Mattress Status", "Original": 2, "TimeStamp": "2025-03-06T14:50:33.2783225+00:00"}', 0, '2025-03-06 14:50:33'),
                                                                                             ('60c1b388-3391-48c5-8e7c-52e75d939f07', '3a9071e2-e756-4f88-9e19-e43b4a6d242a', 8, '{"Detail": "Mattresses removed from group", "GroupId": "3a9071e2-e756-4f88-9e19-e43b4a6d242a", "TimeStamp": "2025-03-05T17:47:46.7685603+00:00", "MattressIds": ["738e3d44-784e-4a48-8eaa-df55e402d606"]}', 1, '2025-03-05 17:47:47'),
                                                                                             ('6104a053-edc5-43a4-8642-37ec74f98bfb', '3a9071e2-e756-4f88-9e19-e43b4a6d242a', 8, '{"Detail": "Mattresses removed from group", "GroupId": "3a9071e2-e756-4f88-9e19-e43b4a6d242a", "TimeStamp": "2025-03-05T09:36:37.811804+00:00", "MattressIds": ["1d632944-867c-4f28-a179-0866f1a052de"]}', 1, '2025-03-05 09:36:38'),
                                                                                             ('61e0cba9-6432-46c8-9ffa-ad195fc49297', '3a9071e2-e756-4f88-9e19-e43b4a6d242a', 8, '{"Detail": "Mattresses removed from group", "GroupId": "3a9071e2-e756-4f88-9e19-e43b4a6d242a", "TimeStamp": "2025-03-05T09:13:19.9219561+00:00", "MattressIds": ["59f2a6d4-909e-4f60-8de3-a4f747308e47"]}', 1, '2025-03-05 09:13:20'),
                                                                                             ('62cbb87f-7512-40aa-bef4-5c85da0da58e', '3a9071e2-e756-4f88-9e19-e43b4a6d242a', 8, '{"Detail": "Mattresses removed from group", "GroupId": "3a9071e2-e756-4f88-9e19-e43b4a6d242a", "TimeStamp": "2025-02-27T17:33:36.6367593+00:00", "MattressIds": ["ed2fc4b5-acd2-4695-b964-245dea5114ac"]}', 1, '2025-02-27 17:33:37'),
                                                                                             ('6303e982-49b9-4838-a75d-7e71e6d517e0', '3a9071e2-e756-4f88-9e19-e43b4a6d242a', 8, '{"Detail": "Mattresses added to group", "GroupId": "3a9071e2-e756-4f88-9e19-e43b4a6d242a", "TimeStamp": "2025-02-27T13:09:39.053419+00:00", "MattressIds": ["aa29bc3e-9ac3-4456-bdf8-f1b64431521a"]}', 1, '2025-02-27 13:09:39'),
                                                                                             ('69481ed1-d642-4e77-8216-6a9d1fe170c6', '4aafd3c8-94f5-4467-b61b-8d5277487d2a', 8, '{"Detail": "Mattresses added to group", "GroupId": "4aafd3c8-94f5-4467-b61b-8d5277487d2a", "TimeStamp": "2025-03-19T21:20:18.3142622+00:00", "MattressIds": ["fe3809bf-4e6b-4dd1-b755-3ef882d78caa", "aa29bc3e-9ac3-4456-bdf8-f1b64431521a", "0a32cb86-8757-45d0-851a-59ce9f41453c", "da9ddfa8-2623-43c3-9aba-9e5630f6a48b"]}', 1, '2025-03-19 21:20:18'),
                                                                                             ('6bc9e749-b0b5-4cbf-949b-10e0e4e6d5ee', '40ad649c-e199-447c-b4c1-0601dae1160e', 8, '{"Detail": "Mattresses removed from group", "GroupId": "40ad649c-e199-447c-b4c1-0601dae1160e", "TimeStamp": "2025-02-27T13:11:31.6994988+00:00", "MattressIds": ["a93d420e-9956-4b07-a93e-743e9f3f5366"]}', 1, '2025-02-27 13:11:32'),
                                                                                             ('6de43a65-b62e-483d-8162-bfe525bb2eb7', '3a9071e2-e756-4f88-9e19-e43b4a6d242a', 8, '{"Detail": "Mattresses added to group", "GroupId": "3a9071e2-e756-4f88-9e19-e43b4a6d242a", "TimeStamp": "2025-03-05T17:56:48.5827835+00:00", "MattressIds": ["c17273fd-ca33-4296-bbc2-01f4ab4908bc"]}', 1, '2025-03-05 17:56:49'),
                                                                                             ('71af786f-073e-4a82-8227-015dc216cf8c', 'c17273fd-ca33-4296-bbc2-01f4ab4908bc', 4, '{"New": "Logging", "Detail": "Updated Mattress Location", "Original": "Log", "TimeStamp": "2025-03-18T14:23:55.097965+00:00"}', 0, '2025-03-18 14:23:55'),
                                                                                             ('71fee39d-2a1d-456c-b5e2-09589e22b86e', '3a9071e2-e756-4f88-9e19-e43b4a6d242a', 8, '{"Detail": "Mattresses added to group", "GroupId": "3a9071e2-e756-4f88-9e19-e43b4a6d242a", "TimeStamp": "2025-03-05T09:21:22.3453171+00:00", "MattressIds": ["1d632944-867c-4f28-a179-0866f1a052de", "59f2a6d4-909e-4f60-8de3-a4f747308e47"]}', 1, '2025-03-05 09:21:22'),
                                                                                             ('74aa9c30-f125-4347-bf64-ce657e7ce4be', '108c5c4d-5306-4b58-81f0-3c8ef908643b', 8, '{"Detail": "Mattresses added to group", "GroupId": "108c5c4d-5306-4b58-81f0-3c8ef908643b", "TimeStamp": "2025-03-03T20:32:52.7145036+00:00", "MattressIds": ["01178515-aea6-42f8-9b32-ff1535863b59"]}', 1, '2025-03-03 20:32:53'),
                                                                                             ('7587e5d0-ff2b-4356-8561-aa24b89c915b', '3a9071e2-e756-4f88-9e19-e43b4a6d242a', 8, '{"Detail": "Mattresses removed from group", "GroupId": "3a9071e2-e756-4f88-9e19-e43b4a6d242a", "TimeStamp": "2025-03-05T09:20:44.6685346+00:00", "MattressIds": ["aa29bc3e-9ac3-4456-bdf8-f1b64431521a"]}', 1, '2025-03-05 09:20:45'),
                                                                                             ('769f0eed-a519-44ff-9c50-f6be19b93109', '3a9071e2-e756-4f88-9e19-e43b4a6d242a', 8, '{"Detail": "Mattresses added to group", "GroupId": "3a9071e2-e756-4f88-9e19-e43b4a6d242a", "TimeStamp": "2025-02-27T13:10:25.7533365+00:00", "MattressIds": ["aa29bc3e-9ac3-4456-bdf8-f1b64431521a"]}', 1, '2025-02-27 13:10:26'),
                                                                                             ('76c33b81-98e1-4fcb-bc61-2a671decf9c1', 'c17273fd-ca33-4296-bbc2-01f4ab4908bc', 4, '{"New": "Loggi", "Detail": "Updated Mattress Location", "Original": "Logging", "TimeStamp": "2025-04-01T02:41:22.994233+01:00"}', 0, '2025-04-01 02:41:23'),
                                                                                             ('7aee837e-5037-4244-b429-26a1e3fac481', '738e3d44-784e-4a48-8eaa-df55e402d606', 4, '{"New": "Warehouse A", "Detail": "Updated Mattress Location", "Original": "Warehouse B", "TimeStamp": "2025-03-17T14:58:44.538672+00:00"}', 0, '2025-03-17 14:58:45'),
                                                                                             ('7d7921cc-7568-468f-b053-f21d94986722', '3a9071e2-e756-4f88-9e19-e43b4a6d242a', 8, '{"Detail": "Mattresses added to group", "GroupId": "3a9071e2-e756-4f88-9e19-e43b4a6d242a", "TimeStamp": "2025-03-05T09:13:23.6385457+00:00", "MattressIds": ["738e3d44-784e-4a48-8eaa-df55e402d606", "7e9a0203-a456-45c4-b98f-1880c56227bc", "aa29bc3e-9ac3-4456-bdf8-f1b64431521a"]}', 1, '2025-03-05 09:13:24'),
                                                                                             ('7d8ee63e-e470-40d6-b3e1-ee66525eccf0', '3a9071e2-e756-4f88-9e19-e43b4a6d242a', 8, '{"Detail": "Mattresses removed from group", "GroupId": "3a9071e2-e756-4f88-9e19-e43b4a6d242a", "TimeStamp": "2025-03-05T09:33:04.8408005+00:00", "MattressIds": ["738e3d44-784e-4a48-8eaa-df55e402d606"]}', 1, '2025-03-05 09:33:05'),
                                                                                             ('7f1d5e17-f19c-4a21-9d1b-c45b423edb6a', '3a9071e2-e756-4f88-9e19-e43b4a6d242a', 8, '{"Detail": "Mattresses removed from group", "GroupId": "3a9071e2-e756-4f88-9e19-e43b4a6d242a", "TimeStamp": "2025-03-05T17:42:39.6883832+00:00", "MattressIds": ["59f2a6d4-909e-4f60-8de3-a4f747308e47"]}', 1, '2025-03-05 17:42:40'),
                                                                                             ('7fdf60ba-e8ac-475d-836a-a56553ef9ca9', '7e9a0203-a456-45c4-b98f-1880c56227bc', 0, '{"Detail": "New Mattress Created", "result": {"Uid": "7e9a0203-a456-45c4-b98f-1880c56227bc", "OrgId": "3e176182-beca-11ef-a25f-0242ac180002", "Status": 0, "BatchNo": "", "EpcCode": "", "location": "Test", "DaysToRotate": 90, "LifeCyclesEnd": "2025-02-27T00:00:00", "MattressTypeId": "bad2da04-d7fe-11ef-8ca2-0242ac130002", "ProductionDate": "2025-02-27T00:00:00+00:00", "MattressTypeName": "King Size"}, "TimeStamp": "2025-02-27T16:54:40.745217+00:00"}', 0, '2025-02-27 16:54:41'),
                                                                                             ('80d6d404-b3c0-4f01-8ddd-bc5d26594bf6', '3a9071e2-e756-4f88-9e19-e43b4a6d242a', 8, '{"Detail": "Mattresses added to group", "GroupId": "3a9071e2-e756-4f88-9e19-e43b4a6d242a", "TimeStamp": "2025-03-05T17:42:44.0944554+00:00", "MattressIds": ["738e3d44-784e-4a48-8eaa-df55e402d606", "7e9a0203-a456-45c4-b98f-1880c56227bc", "aa29bc3e-9ac3-4456-bdf8-f1b64431521a"]}', 1, '2025-03-05 17:42:44'),
                                                                                             ('82354855-4a48-41e4-a41b-2ef4a662645b', '738e3d44-784e-4a48-8eaa-df55e402d606', 5, '{"New": 3, "Detail": "Updated Mattress Status", "Original": 0, "TimeStamp": "2025-03-17T14:58:44.250315+00:00"}', 0, '2025-03-17 14:58:44'),
                                                                                             ('83c61571-b5e1-4e9e-ab05-9805418e4c85', '3a9071e2-e756-4f88-9e19-e43b4a6d242a', 8, '{"Detail": "Mattresses removed from group", "GroupId": "3a9071e2-e756-4f88-9e19-e43b4a6d242a", "TimeStamp": "2025-03-05T17:38:18.5978424+00:00", "MattressIds": ["aa29bc3e-9ac3-4456-bdf8-f1b64431521a"]}', 1, '2025-03-05 17:38:19'),
                                                                                             ('881373d8-efad-49dd-bffc-eb34ebc384a7', '2c3424bb-a4ad-41ff-8382-438d6bc80bb4', 0, '{"Detail": "New Mattress Created", "result": {"Uid": "2c3424bb-a4ad-41ff-8382-438d6bc80bb4", "OrgId": "3e176182-beca-11ef-a25f-0242ac180002", "Status": 0, "BatchNo": "", "EpcCode": "", "location": "205", "DaysToRotate": 90, "LifeCyclesEnd": "2025-03-17T00:00:00", "MattressTypeId": "bad2da04-d7fe-11ef-8ca2-0242ac130002", "ProductionDate": "2025-03-17T00:00:00+00:00", "MattressTypeName": "King Size"}, "TimeStamp": "2025-03-17T18:19:23.5773628+00:00"}', 0, '2025-03-17 18:19:24'),
                                                                                             ('8bddcb95-eca7-423f-8a37-0f3d1f38adca', '3a9071e2-e756-4f88-9e19-e43b4a6d242a', 8, '{"Detail": "Mattresses added to group", "GroupId": "3a9071e2-e756-4f88-9e19-e43b4a6d242a", "TimeStamp": "2025-03-05T18:00:13.4412114+00:00", "MattressIds": ["c17273fd-ca33-4296-bbc2-01f4ab4908bc"]}', 1, '2025-03-05 18:00:13'),
                                                                                             ('8d36f4c7-413c-4c7b-951a-20d79f931bb8', '3a9071e2-e756-4f88-9e19-e43b4a6d242a', 8, '{"Detail": "Mattresses removed from group", "GroupId": "3a9071e2-e756-4f88-9e19-e43b4a6d242a", "TimeStamp": "2025-03-05T17:38:20.0218959+00:00", "MattressIds": ["ed2fc4b5-acd2-4695-b964-245dea5114ac"]}', 1, '2025-03-05 17:38:20'),
                                                                                             ('8ec8937d-ef40-4739-a06a-f58b96573648', '3a9071e2-e756-4f88-9e19-e43b4a6d242a', 8, '{"Detail": "Mattresses removed from group", "GroupId": "3a9071e2-e756-4f88-9e19-e43b4a6d242a", "TimeStamp": "2025-02-27T17:33:47.5501411+00:00", "MattressIds": ["1d632944-867c-4f28-a179-0866f1a052de"]}', 1, '2025-02-27 17:33:48'),
                                                                                             ('8f2ea05f-eeff-4ce0-8cc7-055810cd6476', '3a9071e2-e756-4f88-9e19-e43b4a6d242a', 8, '{"Detail": "Mattresses removed from group", "GroupId": "3a9071e2-e756-4f88-9e19-e43b4a6d242a", "TimeStamp": "2025-02-27T17:33:52.6371248+00:00", "MattressIds": ["aa29bc3e-9ac3-4456-bdf8-f1b64431521a"]}', 1, '2025-02-27 17:33:53'),
                                                                                             ('920d4d56-a48b-461d-8361-975ea5538934', '3a9071e2-e756-4f88-9e19-e43b4a6d242a', 8, '{"Detail": "Mattresses added to group", "GroupId": "3a9071e2-e756-4f88-9e19-e43b4a6d242a", "TimeStamp": "2025-03-05T18:03:17.1681803+00:00", "MattressIds": ["c17273fd-ca33-4296-bbc2-01f4ab4908bc"]}', 1, '2025-03-05 18:03:17'),
                                                                                             ('9432d8c0-11e6-4822-a61b-e649014faeb9', '3a9071e2-e756-4f88-9e19-e43b4a6d242a', 8, '{"Detail": "Mattresses added to group", "GroupId": "3a9071e2-e756-4f88-9e19-e43b4a6d242a", "TimeStamp": "2025-03-06T12:56:06.8631479+00:00", "MattressIds": ["c17273fd-ca33-4296-bbc2-01f4ab4908bc"]}', 1, '2025-03-06 12:56:07'),
                                                                                             ('94785c77-9cd8-4581-9aea-e8d4362f3fac', '32788989-f870-11ef-baf0-32593a02fb1f', 1, '{"group": {"Id": "32788989-f870-11ef-baf0-32593a02fb1f", "Name": "ICA_Demo", "Users": [], "Status": 1, "CreatedDate": "2025-03-03T20:43:43", "Description": "This is a demo group for testing purposes.", "SenderOrgId": "3e176182-beca-11ef-a25f-0242ac180002", "ModifiedDate": null, "ReceiverOrgId": "0bf389b4-e91b-45c0-bd2e-1d0c5920d08f", "MattressGroups": [{"GroupId": "32788989-f870-11ef-baf0-32593a02fb1f", "Mattress": {"Uid": "597d0cba-f86e-11ef-baf0-32593a02fb1f", "OrgId": "3e176182-beca-11ef-a25f-0242ac180002", "Status": 6, "BatchNo": "BATCH12345", "EpcCode": "EPC-987654321", "Location": "Store", "DaysToRotate": 180, "MattressType": null, "Organisation": null, "LifeCyclesEnd": "2035-03-03T00:00:00", "MattressGroups": [], "MattressTypeId": "466fd4af-c747-493f-ac5e-32fe02c8b6ac", "ProductionDate": "2025-03-03T00:00:00", "LatestDateRotate": "2025-08-30T00:00:00"}, "MattressId": "597d0cba-f86e-11ef-baf0-32593a02fb1f", "DateAssociated": "2025-03-03T20:53:08", "DateDisassociated": null}, {"GroupId": "32788989-f870-11ef-baf0-32593a02fb1f", "Mattress": {"Uid": "82ff60c5-f870-11ef-baf0-32593a02fb1f", "OrgId": "3e176182-beca-11ef-a25f-0242ac180002", "Status": 6, "BatchNo": "BATCH12345", "EpcCode": "EPC-987654321", "Location": "Store", "DaysToRotate": 180, "MattressType": null, "Organisation": null, "LifeCyclesEnd": "2035-03-03T00:00:00", "MattressGroups": [], "MattressTypeId": "466fd4af-c747-493f-ac5e-32fe02c8b6ac", "ProductionDate": "2025-03-03T00:00:00", "LatestDateRotate": "2025-08-30T00:00:00"}, "MattressId": "82ff60c5-f870-11ef-baf0-32593a02fb1f", "DateAssociated": "2025-03-03T20:53:08", "DateDisassociated": null}], "SenderOrganisation": null, "TransferOutPurpose": null, "ReceiverOrganisation": null}, "Detail": "Group Transported out", "TimeStamp": "2025-03-03T20:54:35.3821868+00:00"}', 1, '2025-03-03 20:54:35'),
                                                                                             ('97423435-6e37-4c55-80b8-e7ec8ef3470a', '3a9071e2-e756-4f88-9e19-e43b4a6d242a', 8, '{"Detail": "Mattresses added to group", "GroupId": "3a9071e2-e756-4f88-9e19-e43b4a6d242a", "TimeStamp": "2025-03-05T09:13:32.5111271+00:00", "MattressIds": ["ed2fc4b5-acd2-4695-b964-245dea5114ac", "da9ddfa8-2623-43c3-9aba-9e5630f6a48b"]}', 1, '2025-03-05 09:13:33'),
                                                                                             ('995d242e-5e9e-414b-9dbd-ceebf06563c0', '3a9071e2-e756-4f88-9e19-e43b4a6d242a', 8, '{"Detail": "Mattresses added to group", "GroupId": "3a9071e2-e756-4f88-9e19-e43b4a6d242a", "TimeStamp": "2025-03-05T17:57:30.9899901+00:00", "MattressIds": ["c17273fd-ca33-4296-bbc2-01f4ab4908bc"]}', 1, '2025-03-05 17:57:31'),
                                                                                             ('9b72934b-f793-47f0-854f-f3c9cbbd79ac', '3a9071e2-e756-4f88-9e19-e43b4a6d242a', 8, '{"Detail": "Mattresses removed from group", "GroupId": "3a9071e2-e756-4f88-9e19-e43b4a6d242a", "TimeStamp": "2025-03-05T17:47:46.2018504+00:00", "MattressIds": ["7e9a0203-a456-45c4-b98f-1880c56227bc"]}', 1, '2025-03-05 17:47:46'),
                                                                                             ('9b942980-f7fa-403c-b340-8748061a5665', '3a9071e2-e756-4f88-9e19-e43b4a6d242a', 8, '{"Detail": "Mattresses added to group", "GroupId": "3a9071e2-e756-4f88-9e19-e43b4a6d242a", "TimeStamp": "2025-03-05T17:58:53.0399443+00:00", "MattressIds": ["c17273fd-ca33-4296-bbc2-01f4ab4908bc"]}', 1, '2025-03-05 17:58:53'),
                                                                                             ('9e399732-2ed3-4e67-84c3-20759bb0a677', '0a32cb86-8757-45d0-851a-59ce9f41453c', 0, '{"Detail": "New Mattress Created", "result": {"Uid": "0a32cb86-8757-45d0-851a-59ce9f41453c", "OrgId": "3e176182-beca-11ef-a25f-0242ac180002", "Status": 0, "BatchNo": "", "EpcCode": "", "location": "yy", "DaysToRotate": 10, "LifeCyclesEnd": "2025-03-17T00:00:00", "MattressTypeId": "466fd4af-c747-493f-ac5e-32fe02c8b6ac", "ProductionDate": "2025-03-17T00:00:00+00:00", "MattressTypeName": "Double"}, "TimeStamp": "2025-03-17T21:46:29.5456424+00:00"}', 0, '2025-03-17 21:46:30'),
                                                                                             ('9f5f2a1a-da48-4233-b999-3a130e6e43d2', '3a9071e2-e756-4f88-9e19-e43b4a6d242a', 8, '{"Detail": "Mattresses added to group", "GroupId": "3a9071e2-e756-4f88-9e19-e43b4a6d242a", "TimeStamp": "2025-03-05T17:57:24.3188964+00:00", "MattressIds": ["c17273fd-ca33-4296-bbc2-01f4ab4908bc"]}', 1, '2025-03-05 17:57:24'),
                                                                                             ('a0824bd0-32a8-44ba-990d-81eb10b24300', '108c5c4d-5306-4b58-81f0-3c8ef908643b', 8, '{"Detail": "Mattresses added to group", "GroupId": "108c5c4d-5306-4b58-81f0-3c8ef908643b", "TimeStamp": "2025-03-03T20:31:27.0048605+00:00", "MattressIds": ["01178515-aea6-42f8-9b32-ff1535863b59"]}', 1, '2025-03-03 20:31:27'),
                                                                                             ('a15e4df1-e1a3-47d0-9f12-276711261f30', '3a9071e2-e756-4f88-9e19-e43b4a6d242a', 8, '{"Detail": "Mattresses added to group", "GroupId": "3a9071e2-e756-4f88-9e19-e43b4a6d242a", "TimeStamp": "2025-03-05T09:36:32.4309325+00:00", "MattressIds": ["1d632944-867c-4f28-a179-0866f1a052de", "738e3d44-784e-4a48-8eaa-df55e402d606"]}', 1, '2025-03-05 09:36:32'),
                                                                                             ('a2665eb8-1e34-4a10-995d-63d258e74c36', '3a9071e2-e756-4f88-9e19-e43b4a6d242a', 8, '{"Detail": "Mattresses removed from group", "GroupId": "3a9071e2-e756-4f88-9e19-e43b4a6d242a", "TimeStamp": "2025-02-27T13:03:21.1954898+00:00", "MattressIds": ["aa29bc3e-9ac3-4456-bdf8-f1b64431521a"]}', 1, '2025-02-27 13:03:21'),
                                                                                             ('a33a556b-55e7-4746-bdb9-1aa4f69bb9fc', '3a9071e2-e756-4f88-9e19-e43b4a6d242a', 8, '{"Detail": "Mattresses added to group", "GroupId": "3a9071e2-e756-4f88-9e19-e43b4a6d242a", "TimeStamp": "2025-03-05T17:58:36.9765067+00:00", "MattressIds": ["c17273fd-ca33-4296-bbc2-01f4ab4908bc"]}', 1, '2025-03-05 17:58:37'),
                                                                                             ('a34b385d-6d2c-4fe9-a697-5259c29bca08', '7870eb41-2b1c-4d03-b6c9-423d3686a4f3', 8, '{"Detail": "Mattresses removed from group", "GroupId": "7870eb41-2b1c-4d03-b6c9-423d3686a4f3", "TimeStamp": "2025-02-27T13:38:50.8333582+00:00", "MattressIds": ["1d632944-867c-4f28-a179-0866f1a052de"]}', 1, '2025-02-27 13:38:51'),
                                                                                             ('a3a473ac-bf0c-4a89-92e0-dc35b0b83bb0', '3a9071e2-e756-4f88-9e19-e43b4a6d242a', 8, '{"Detail": "Mattresses removed from group", "GroupId": "3a9071e2-e756-4f88-9e19-e43b4a6d242a", "TimeStamp": "2025-03-05T18:02:18.2907131+00:00", "MattressIds": ["c17273fd-ca33-4296-bbc2-01f4ab4908bc"]}', 1, '2025-03-05 18:02:18'),
                                                                                             ('a7257b3e-e54b-416b-8fc7-ede6d2fe5ae9', 'aa29bc3e-9ac3-4456-bdf8-f1b64431521a', 0, '{"Detail": "New Mattress Created", "result": {"Uid": "aa29bc3e-9ac3-4456-bdf8-f1b64431521a", "OrgId": "3e176182-beca-11ef-a25f-0242ac180002", "Status": 0, "BatchNo": "", "EpcCode": "", "location": "DKIT", "DaysToRotate": 10, "LifeCyclesEnd": "2025-02-27T00:00:00", "MattressTypeId": "466fd4af-c747-493f-ac5e-32fe02c8b6ac", "ProductionDate": "2025-02-27T00:00:00+00:00", "MattressTypeName": "Double"}, "TimeStamp": "2025-02-27T12:52:08.6239969+00:00"}', 0, '2025-02-27 12:52:09'),
                                                                                             ('a95585cc-3501-4265-a30f-1506cf41f518', '32788989-f870-11ef-baf0-32593a02fb1f', 5, '{"group": {"Id": "32788989-f870-11ef-baf0-32593a02fb1f", "Name": "ICA_Demo", "Users": [], "Status": 2, "CreatedDate": "2025-03-03T20:43:43", "Description": "This is a demo group for testing purposes.", "SenderOrgId": "3e176182-beca-11ef-a25f-0242ac180002", "ModifiedDate": "2025-03-03T20:55:21.2921195+00:00", "ReceiverOrgId": "0bf389b4-e91b-45c0-bd2e-1d0c5920d08f", "MattressGroups": [{"GroupId": "32788989-f870-11ef-baf0-32593a02fb1f", "Mattress": {"Uid": "597d0cba-f86e-11ef-baf0-32593a02fb1f", "OrgId": "0bf389b4-e91b-45c0-bd2e-1d0c5920d08f", "Status": 6, "BatchNo": "BATCH12345", "EpcCode": "EPC-987654321", "Location": null, "DaysToRotate": 180, "MattressType": null, "Organisation": null, "LifeCyclesEnd": "2035-03-03T00:00:00", "MattressGroups": [], "MattressTypeId": "466fd4af-c747-493f-ac5e-32fe02c8b6ac", "ProductionDate": "2025-03-03T00:00:00", "LatestDateRotate": "2025-08-30T00:00:00"}, "MattressId": "597d0cba-f86e-11ef-baf0-32593a02fb1f", "DateAssociated": "2025-03-03T20:53:08", "DateDisassociated": null}, {"GroupId": "32788989-f870-11ef-baf0-32593a02fb1f", "Mattress": {"Uid": "82ff60c5-f870-11ef-baf0-32593a02fb1f", "OrgId": "0bf389b4-e91b-45c0-bd2e-1d0c5920d08f", "Status": 6, "BatchNo": "BATCH12345", "EpcCode": "EPC-987654321", "Location": null, "DaysToRotate": 180, "MattressType": null, "Organisation": null, "LifeCyclesEnd": "2035-03-03T00:00:00", "MattressGroups": [], "MattressTypeId": "466fd4af-c747-493f-ac5e-32fe02c8b6ac", "ProductionDate": "2025-03-03T00:00:00", "LatestDateRotate": "2025-08-30T00:00:00"}, "MattressId": "82ff60c5-f870-11ef-baf0-32593a02fb1f", "DateAssociated": "2025-03-03T20:53:08", "DateDisassociated": null}], "SenderOrganisation": null, "TransferOutPurpose": null, "ReceiverOrganisation": null}, "Detail": "Group Imported", "TimeStamp": "2025-03-03T20:55:21.310326+00:00"}', 1, '2025-03-03 20:55:21'),
                                                                                             ('a97bf48c-c97f-46e2-be5c-a1b2dae870a4', 'ed2fc4b5-acd2-4695-b964-245dea5114ac', 0, '{"Detail": "New Mattress Created", "result": {"Uid": "ed2fc4b5-acd2-4695-b964-245dea5114ac", "OrgId": "3e176182-beca-11ef-a25f-0242ac180002", "Status": 0, "BatchNo": "", "EpcCode": "", "location": "Wee", "DaysToRotate": 90, "LifeCyclesEnd": "2025-02-27T00:00:00", "MattressTypeId": "bad2da04-d7fe-11ef-8ca2-0242ac130002", "ProductionDate": "2025-02-27T00:00:00+00:00", "MattressTypeName": "King Size"}, "TimeStamp": "2025-02-27T16:57:09.7205016+00:00"}', 0, '2025-02-27 16:57:10'),
                                                                                             ('aab54f8c-c169-4ac7-8e73-7f3638d30d30', '3a9071e2-e756-4f88-9e19-e43b4a6d242a', 8, '{"Detail": "Mattresses added to group", "GroupId": "3a9071e2-e756-4f88-9e19-e43b4a6d242a", "TimeStamp": "2025-03-05T18:01:43.5397229+00:00", "MattressIds": ["c17273fd-ca33-4296-bbc2-01f4ab4908bc"]}', 1, '2025-03-05 18:01:44'),
                                                                                             ('aad9f8e6-f4bb-4129-ada2-4fd7d375c8f4', 'c17273fd-ca33-4296-bbc2-01f4ab4908bc', 4, '{"New": "Test RFIDD", "Detail": "Updated Mattress Location", "Original": "Test RFID", "TimeStamp": "2025-03-06T12:59:07.8703918+00:00"}', 0, '2025-03-06 12:59:08'),
                                                                                             ('ad381174-de7d-4293-9458-d8cfbc506c5d', '738e3d44-784e-4a48-8eaa-df55e402d606', 5, '{"New": 0, "Detail": "Updated Mattress Status", "Original": 2, "TimeStamp": "2025-03-17T15:02:08.227296+00:00"}', 0, '2025-03-17 15:02:08'),
                                                                                             ('ad844131-3c2a-48b5-a16d-e194cb832385', '597d0cba-f86e-11ef-baf0-32593a02fb1f', 1, '{"Detail": "Mattress Transported Out", "mattress": {"Uid": "597d0cba-f86e-11ef-baf0-32593a02fb1f", "OrgId": "3e176182-beca-11ef-a25f-0242ac180002", "Status": 6, "BatchNo": "BATCH12345", "EpcCode": "EPC-987654321", "Location": "Store", "DaysToRotate": 180, "MattressType": null, "Organisation": null, "LifeCyclesEnd": "2035-03-03T00:00:00", "MattressGroups": [{"Group": {"Id": "32788989-f870-11ef-baf0-32593a02fb1f", "Name": "ICA_Demo", "Users": [], "Status": 1, "CreatedDate": "2025-03-03T20:43:43", "Description": "This is a demo group for testing purposes.", "SenderOrgId": "3e176182-beca-11ef-a25f-0242ac180002", "ModifiedDate": null, "ReceiverOrgId": "0bf389b4-e91b-45c0-bd2e-1d0c5920d08f", "MattressGroups": [{"GroupId": "32788989-f870-11ef-baf0-32593a02fb1f", "Mattress": {"Uid": "82ff60c5-f870-11ef-baf0-32593a02fb1f", "OrgId": "3e176182-beca-11ef-a25f-0242ac180002", "Status": 1, "BatchNo": "BATCH12345", "EpcCode": "EPC-987654321", "Location": "Store", "DaysToRotate": 180, "MattressType": null, "Organisation": null, "LifeCyclesEnd": "2035-03-03T00:00:00", "MattressGroups": [], "MattressTypeId": "466fd4af-c747-493f-ac5e-32fe02c8b6ac", "ProductionDate": "2025-03-03T00:00:00", "LatestDateRotate": "2025-08-30T00:00:00"}, "MattressId": "82ff60c5-f870-11ef-baf0-32593a02fb1f", "DateAssociated": "2025-03-03T20:53:08", "DateDisassociated": null}], "SenderOrganisation": null, "TransferOutPurpose": null, "ReceiverOrganisation": null}, "GroupId": "32788989-f870-11ef-baf0-32593a02fb1f", "MattressId": "597d0cba-f86e-11ef-baf0-32593a02fb1f", "DateAssociated": "2025-03-03T20:53:08", "DateDisassociated": null}], "MattressTypeId": "466fd4af-c747-493f-ac5e-32fe02c8b6ac", "ProductionDate": "2025-03-03T00:00:00", "LatestDateRotate": "2025-08-30T00:00:00"}, "TimeStamp": "2025-03-03T20:54:35.3218673+00:00"}', 0, '2025-03-03 20:54:35'),
                                                                                             ('afdc1a11-7208-4621-b36a-97c14877ed67', '3a9071e2-e756-4f88-9e19-e43b4a6d242a', 8, '{"Detail": "Mattresses removed from group", "GroupId": "3a9071e2-e756-4f88-9e19-e43b4a6d242a", "TimeStamp": "2025-03-07T02:39:12.7063241+00:00", "MattressIds": ["738e3d44-784e-4a48-8eaa-df55e402d606"]}', 1, '2025-03-07 02:39:13'),
                                                                                             ('b13adc54-da96-4f0e-ac2c-ba2c3422d196', '574c48de-6e92-4c52-960d-83fc7b691371', 0, '{"Detail": "New Group Test Groul Created", "newGroup": {"Id": "574c48de-6e92-4c52-960d-83fc7b691371", "Name": "Test Groul", "Users": [], "Status": 1, "CreatedDate": "2025-03-04T12:08:02.1864681Z", "Description": "Yes", "SenderOrgId": "3e176182-beca-11ef-a25f-0242ac180002", "ModifiedDate": null, "ReceiverOrgId": "aafbb82a-e27d-11ef-b30d-0242ac130002", "MattressGroups": [], "SenderOrganisation": {"Id": "3e176182-beca-11ef-a25f-0242ac180002", "Eir": null, "Logo": "dev-logo.png", "Name": "SwissFeel", "Email": "dev@example.com", "Users": null, "County": null, "Mattresses": [], "Description": "A development organization for testing purposes.", "WebsiteLink": "https://www.devorganisation.com", "NormalAddress": "123 Dev Street, Tech City, 12345", "PostalAddress": "123 Dev Street, Tech City, 12345", "RegistrationNo": "DEV-123456", "OrganisationCode": "DEV123", "OrganisationType": "Development"}, "TransferOutPurpose": 1, "ReceiverOrganisation": {"Id": "aafbb82a-e27d-11ef-b30d-0242ac130002", "Eir": ", A91 RP44", "Logo": null, "Name": "Castel Bellingham", "Email": "castel@gmail.com", "Users": null, "County": "Louth", "Mattresses": [], "Description": "new cutomer", "WebsiteLink": "https://www.neworg.com", "NormalAddress": "Bellingham Castle, Castlebellingham, Co. Louth,", "PostalAddress": "Bellingham Castle, Castlebellingham, Co. Louth", "RegistrationNo": "REG123456", "OrganisationCode": "ORG999", "OrganisationType": "Hotel"}}, "TimeStamp": "2025-03-04T12:08:02.2111698+00:00"}', 1, '2025-03-04 12:08:02'),
                                                                                             ('b647c339-9f21-407a-9462-39b94880d332', 'c17273fd-ca33-4296-bbc2-01f4ab4908bc', 5, '{"New": 2, "Detail": "Updated Mattress Status", "Original": 0, "TimeStamp": "2025-03-06T13:00:52.5033002+00:00"}', 0, '2025-03-06 13:00:53'),
                                                                                             ('bc8114ab-fa50-4616-9550-93bdaf66042d', '3a9071e2-e756-4f88-9e19-e43b4a6d242a', 8, '{"Detail": "Mattresses added to group", "GroupId": "3a9071e2-e756-4f88-9e19-e43b4a6d242a", "TimeStamp": "2025-03-05T18:02:24.7297832+00:00", "MattressIds": ["c17273fd-ca33-4296-bbc2-01f4ab4908bc"]}', 1, '2025-03-05 18:02:25'),
                                                                                             ('bcfa3bb9-eff8-464c-9e37-abc9f7444640', '3a9071e2-e756-4f88-9e19-e43b4a6d242a', 8, '{"Detail": "Mattresses removed from group", "GroupId": "3a9071e2-e756-4f88-9e19-e43b4a6d242a", "TimeStamp": "2025-03-05T09:38:19.6717014+00:00", "MattressIds": ["738e3d44-784e-4a48-8eaa-df55e402d606"]}', 1, '2025-03-05 09:38:20'),
                                                                                             ('bd5b3501-302e-499b-a3d9-31f53349783b', '3a9071e2-e756-4f88-9e19-e43b4a6d242a', 8, '{"Detail": "Mattresses removed from group", "GroupId": "3a9071e2-e756-4f88-9e19-e43b4a6d242a", "TimeStamp": "2025-02-27T17:33:51.6357049+00:00", "MattressIds": ["738e3d44-784e-4a48-8eaa-df55e402d606"]}', 1, '2025-02-27 17:33:52'),
                                                                                             ('c09bcd4c-d195-4e79-bef3-8074aaf874b9', '3a9071e2-e756-4f88-9e19-e43b4a6d242a', 8, '{"Detail": "Mattresses added to group", "GroupId": "3a9071e2-e756-4f88-9e19-e43b4a6d242a", "TimeStamp": "2025-03-05T09:41:46.2837902+00:00", "MattressIds": ["59f2a6d4-909e-4f60-8de3-a4f747308e47", "ed2fc4b5-acd2-4695-b964-245dea5114ac", "da9ddfa8-2623-43c3-9aba-9e5630f6a48b", "1d632944-867c-4f28-a179-0866f1a052de", "738e3d44-784e-4a48-8eaa-df55e402d606", "7e9a0203-a456-45c4-b98f-1880c56227bc", "aa29bc3e-9ac3-4456-bdf8-f1b64431521a"]}', 1, '2025-03-05 09:41:46'),
                                                                                             ('c39a89b1-50a6-4f5b-b10d-33e35a28f1c0', '3a9071e2-e756-4f88-9e19-e43b4a6d242a', 8, '{"Detail": "Mattresses removed from group", "GroupId": "3a9071e2-e756-4f88-9e19-e43b4a6d242a", "TimeStamp": "2025-03-05T17:56:34.8420468+00:00", "MattressIds": ["c17273fd-ca33-4296-bbc2-01f4ab4908bc"]}', 1, '2025-03-05 17:56:35'),
                                                                                             ('c3a2fd09-9051-436b-9827-c48da46169de', '3a9071e2-e756-4f88-9e19-e43b4a6d242a', 8, '{"Detail": "Mattresses added to group", "GroupId": "3a9071e2-e756-4f88-9e19-e43b4a6d242a", "TimeStamp": "2025-02-27T16:53:28.3783007+00:00", "MattressIds": ["1d632944-867c-4f28-a179-0866f1a052de", "aa29bc3e-9ac3-4456-bdf8-f1b64431521a"]}', 1, '2025-02-27 16:53:28'),
                                                                                             ('c6518693-9b61-4a75-835a-160cd5179d66', '3a9071e2-e756-4f88-9e19-e43b4a6d242a', 8, '{"Detail": "Mattresses removed from group", "GroupId": "3a9071e2-e756-4f88-9e19-e43b4a6d242a", "TimeStamp": "2025-03-07T02:39:11.55785+00:00", "MattressIds": ["59f2a6d4-909e-4f60-8de3-a4f747308e47"]}', 1, '2025-03-07 02:39:12'),
                                                                                             ('c6ceff26-b5d9-449c-b3f7-8cc26de0adb6', '3a9071e2-e756-4f88-9e19-e43b4a6d242a', 8, '{"Detail": "Mattresses removed from group", "GroupId": "3a9071e2-e756-4f88-9e19-e43b4a6d242a", "TimeStamp": "2025-03-05T14:12:57.8586252+00:00", "MattressIds": ["738e3d44-784e-4a48-8eaa-df55e402d606"]}', 1, '2025-03-05 14:12:58'),
                                                                                             ('c95c2858-971f-44d3-b631-23de83e190bb', '1d66e224-5a74-47dc-858b-d49207ee0291', 0, '{"Detail": "New Group Philip test Created", "newGroup": {"Id": "1d66e224-5a74-47dc-858b-d49207ee0291", "Name": "Philip test", "Users": [], "Status": 1, "CreatedDate": "2025-03-07T02:37:33.7536558Z", "Description": "need to wash", "SenderOrgId": "3e176182-beca-11ef-a25f-0242ac180002", "ModifiedDate": null, "ReceiverOrgId": "3e176182-beca-11ef-a25f-0242ac180002", "MattressGroups": [], "SenderOrganisation": {"Id": "3e176182-beca-11ef-a25f-0242ac180002", "Eir": null, "Logo": "dev-logo.png", "Name": "SwissFeel", "Email": "dev@example.com", "Users": null, "County": null, "Mattresses": [], "Description": "A development organization for testing purposes.", "WebsiteLink": "https://www.devorganisation.com", "NormalAddress": "123 Dev Street, Tech City, 12345", "PostalAddress": "123 Dev Street, Tech City, 12345", "RegistrationNo": "DEV-123456", "OrganisationCode": "DEV123", "OrganisationType": "Development"}, "TransferOutPurpose": 1, "ReceiverOrganisation": {"Id": "3e176182-beca-11ef-a25f-0242ac180002", "Eir": null, "Logo": "dev-logo.png", "Name": "SwissFeel", "Email": "dev@example.com", "Users": null, "County": null, "Mattresses": [], "Description": "A development organization for testing purposes.", "WebsiteLink": "https://www.devorganisation.com", "NormalAddress": "123 Dev Street, Tech City, 12345", "PostalAddress": "123 Dev Street, Tech City, 12345", "RegistrationNo": "DEV-123456", "OrganisationCode": "DEV123", "OrganisationType": "Development"}}, "TimeStamp": "2025-03-07T02:37:33.7736019+00:00"}', 1, '2025-03-07 02:37:34'),
                                                                                             ('cae532ad-8c64-4daf-82a6-f8770f3736ef', '82ff60c5-f870-11ef-baf0-32593a02fb1f', 5, '{"Detail": "Mattress Imported", "mattress": {"Uid": "82ff60c5-f870-11ef-baf0-32593a02fb1f", "OrgId": "0bf389b4-e91b-45c0-bd2e-1d0c5920d08f", "Status": 6, "BatchNo": "BATCH12345", "EpcCode": "EPC-987654321", "Location": null, "DaysToRotate": 180, "MattressType": null, "Organisation": null, "LifeCyclesEnd": "2035-03-03T00:00:00", "MattressGroups": [{"Group": {"Id": "32788989-f870-11ef-baf0-32593a02fb1f", "Name": "ICA_Demo", "Users": [], "Status": 1, "CreatedDate": "2025-03-03T20:43:43", "Description": "This is a demo group for testing purposes.", "SenderOrgId": "3e176182-beca-11ef-a25f-0242ac180002", "ModifiedDate": null, "ReceiverOrgId": "0bf389b4-e91b-45c0-bd2e-1d0c5920d08f", "MattressGroups": [{"GroupId": "32788989-f870-11ef-baf0-32593a02fb1f", "Mattress": {"Uid": "597d0cba-f86e-11ef-baf0-32593a02fb1f", "OrgId": "0bf389b4-e91b-45c0-bd2e-1d0c5920d08f", "Status": 6, "BatchNo": "BATCH12345", "EpcCode": "EPC-987654321", "Location": null, "DaysToRotate": 180, "MattressType": null, "Organisation": null, "LifeCyclesEnd": "2035-03-03T00:00:00", "MattressGroups": [], "MattressTypeId": "466fd4af-c747-493f-ac5e-32fe02c8b6ac", "ProductionDate": "2025-03-03T00:00:00", "LatestDateRotate": "2025-08-30T00:00:00"}, "MattressId": "597d0cba-f86e-11ef-baf0-32593a02fb1f", "DateAssociated": "2025-03-03T20:53:08", "DateDisassociated": null}], "SenderOrganisation": null, "TransferOutPurpose": null, "ReceiverOrganisation": null}, "GroupId": "32788989-f870-11ef-baf0-32593a02fb1f", "MattressId": "82ff60c5-f870-11ef-baf0-32593a02fb1f", "DateAssociated": "2025-03-03T20:53:08", "DateDisassociated": null}], "MattressTypeId": "466fd4af-c747-493f-ac5e-32fe02c8b6ac", "ProductionDate": "2025-03-03T00:00:00", "LatestDateRotate": "2025-08-30T00:00:00"}, "TimeStamp": "2025-03-03T20:55:21.2584599+00:00"}', 0, '2025-03-03 20:55:21'),
                                                                                             ('cca7b45c-1c27-4dd9-96fa-dc5b25b9e0a8', '3a9071e2-e756-4f88-9e19-e43b4a6d242a', 8, '{"Detail": "Mattresses removed from group", "GroupId": "3a9071e2-e756-4f88-9e19-e43b4a6d242a", "TimeStamp": "2025-02-27T13:10:30.4002539+00:00", "MattressIds": ["aa29bc3e-9ac3-4456-bdf8-f1b64431521a"]}', 1, '2025-02-27 13:10:30'),
                                                                                             ('ce83a29f-ceee-4e0f-a531-9ab1a003b5c5', '3a9071e2-e756-4f88-9e19-e43b4a6d242a', 8, '{"Detail": "Mattresses added to group", "GroupId": "3a9071e2-e756-4f88-9e19-e43b4a6d242a", "TimeStamp": "2025-02-27T17:02:45.0798306+00:00", "MattressIds": ["59f2a6d4-909e-4f60-8de3-a4f747308e47", "ed2fc4b5-acd2-4695-b964-245dea5114ac", "738e3d44-784e-4a48-8eaa-df55e402d606"]}', 1, '2025-02-27 17:02:45'),
                                                                                             ('d12610ef-7811-4851-906e-03833a70016a', '3a9071e2-e756-4f88-9e19-e43b4a6d242a', 8, '{"Detail": "Mattresses removed from group", "GroupId": "3a9071e2-e756-4f88-9e19-e43b4a6d242a", "TimeStamp": "2025-03-05T17:57:16.4508434+00:00", "MattressIds": ["c17273fd-ca33-4296-bbc2-01f4ab4908bc"]}', 1, '2025-03-05 17:57:16'),
                                                                                             ('d39cbcb1-007c-4e02-82d6-d07cd4cddfa7', '3a9071e2-e756-4f88-9e19-e43b4a6d242a', 8, '{"Detail": "Mattresses removed from group", "GroupId": "3a9071e2-e756-4f88-9e19-e43b4a6d242a", "TimeStamp": "2025-03-05T18:01:39.9780703+00:00", "MattressIds": ["c17273fd-ca33-4296-bbc2-01f4ab4908bc"]}', 1, '2025-03-05 18:01:40'),
                                                                                             ('d473bb3e-2556-42a1-94f9-20d58ce16365', '3a9071e2-e756-4f88-9e19-e43b4a6d242a', 8, '{"Detail": "Mattresses removed from group", "GroupId": "3a9071e2-e756-4f88-9e19-e43b4a6d242a", "TimeStamp": "2025-03-05T17:38:17.750703+00:00", "MattressIds": ["c17273fd-ca33-4296-bbc2-01f4ab4908bc"]}', 1, '2025-03-05 17:38:18'),
                                                                                             ('d47de0d4-1477-45c1-adb6-736d4950410a', 'c17273fd-ca33-4296-bbc2-01f4ab4908bc', 4, '{"New": "Log Testing", "Detail": "Updated Mattress Location", "Original": "Test RFIDD", "TimeStamp": "2025-03-06T12:59:24.4030706+00:00"}', 0, '2025-03-06 12:59:24'),
                                                                                             ('d5604fac-5965-464e-b7f4-e86784af509b', '738e3d44-784e-4a48-8eaa-df55e402d606', 4, '{"New": "Warehouse A", "Detail": "Updated Mattress Location", "Original": "Warehouse AB", "TimeStamp": "2025-03-17T15:04:41.662531+00:00"}', 0, '2025-03-17 15:04:42'),
                                                                                             ('d610edbf-5a07-48e2-b5e0-4c26b1ea6de5', '3a9071e2-e756-4f88-9e19-e43b4a6d242a', 8, '{"Detail": "Mattresses removed from group", "GroupId": "3a9071e2-e756-4f88-9e19-e43b4a6d242a", "TimeStamp": "2025-03-05T09:20:45.8019875+00:00", "MattressIds": ["ed2fc4b5-acd2-4695-b964-245dea5114ac"]}', 1, '2025-03-05 09:20:46'),
                                                                                             ('d9abdd1f-8bbd-43df-ac91-f030cd3c9f7d', '19c05f1d-f86f-11ef-baf0-32593a02fb1f', 8, '{"Detail": "Mattresses added to group", "GroupId": "19c05f1d-f86f-11ef-baf0-32593a02fb1f", "TimeStamp": "2025-03-03T20:38:36.6877262+00:00", "MattressIds": ["01178515-aea6-42f8-9b32-ff1535863b59"]}', 1, '2025-03-03 20:38:37'),
                                                                                             ('dad51e9d-b1d9-4cd6-b048-ea197408e08f', '738e3d44-784e-4a48-8eaa-df55e402d606', 5, '{"New": 2, "Detail": "Updated Mattress Status", "Original": 3, "TimeStamp": "2025-03-17T14:59:21.173536+00:00"}', 0, '2025-03-17 14:59:21'),
                                                                                             ('ddefdfd3-3c60-4899-9bca-b7d6c5335b51', '3a9071e2-e756-4f88-9e19-e43b4a6d242a', 8, '{"Detail": "Mattresses added to group", "GroupId": "3a9071e2-e756-4f88-9e19-e43b4a6d242a", "TimeStamp": "2025-03-05T17:57:55.5977999+00:00", "MattressIds": ["c17273fd-ca33-4296-bbc2-01f4ab4908bc"]}', 1, '2025-03-05 17:57:56'),
                                                                                             ('deea9b4d-98d3-4bef-a1f5-cf16c2571337', 'aa29bc3e-9ac3-4456-bdf8-f1b64431521a', 5, '{"New": 3, "Detail": "Updated Mattress Status", "Original": 0, "TimeStamp": "2025-03-20T22:52:16.6945891+00:00"}', 0, '2025-03-20 22:52:17'),
                                                                                             ('e0bbcf3d-80e7-4867-ab4b-471df1aebc74', '108c5c4d-5306-4b58-81f0-3c8ef908643b', 8, '{"Detail": "Mattresses removed from group", "GroupId": "108c5c4d-5306-4b58-81f0-3c8ef908643b", "TimeStamp": "2025-03-03T20:31:35.7663449+00:00", "MattressIds": ["01178515-aea6-42f8-9b32-ff1535863b59"]}', 1, '2025-03-03 20:31:36'),
                                                                                             ('e1dc3461-f051-43ea-b2fd-9e41a7da37b3', 'c17273fd-ca33-4296-bbc2-01f4ab4908bc', 5, '{"New": 0, "Detail": "Updated Mattress Status", "Original": 2, "TimeStamp": "2025-03-18T14:23:55.057011+00:00"}', 0, '2025-03-18 14:23:55'),
                                                                                             ('e299953c-e9c7-4b93-ab17-8495ceee84e3', '01178515-aea6-42f8-9b32-ff1535863b59', 5, '{"Detail": "Mattress Imported", "mattress": {"Uid": "01178515-aea6-42f8-9b32-ff1535863b59", "OrgId": "0bf389b4-e91b-45c0-bd2e-1d0c5920d08f", "Status": 6, "BatchNo": "", "EpcCode": "", "Location": null, "DaysToRotate": 0, "MattressType": null, "Organisation": null, "LifeCyclesEnd": "2025-01-24T00:00:00", "MattressGroups": [{"Group": {"Id": "19c05f1d-f86f-11ef-baf0-32593a02fb1f", "Name": "Demo_group", "Users": [], "Status": 1, "CreatedDate": "2025-03-03T20:35:52", "Description": "This is a demo group for testing purposes.", "SenderOrgId": "3e176182-beca-11ef-a25f-0242ac180002", "ModifiedDate": null, "ReceiverOrgId": "0bf389b4-e91b-45c0-bd2e-1d0c5920d08f", "MattressGroups": [], "SenderOrganisation": null, "TransferOutPurpose": null, "ReceiverOrganisation": null}, "GroupId": "19c05f1d-f86f-11ef-baf0-32593a02fb1f", "MattressId": "01178515-aea6-42f8-9b32-ff1535863b59", "DateAssociated": "2025-03-03T20:38:37", "DateDisassociated": null}], "MattressTypeId": "bad2ee39-d7fe-11ef-8ca2-0242ac130002", "ProductionDate": "2025-01-24T00:00:00", "LatestDateRotate": null}, "TimeStamp": "2025-03-03T20:42:30.5563618+00:00"}', 0, '2025-03-03 20:42:31'),
                                                                                             ('e325bd81-674b-4259-b930-2eb9a6da4d41', '3a9071e2-e756-4f88-9e19-e43b4a6d242a', 8, '{"Detail": "Mattresses removed from group", "GroupId": "3a9071e2-e756-4f88-9e19-e43b4a6d242a", "TimeStamp": "2025-02-27T13:42:30.2943223+00:00", "MattressIds": ["1d632944-867c-4f28-a179-0866f1a052de"]}', 1, '2025-02-27 13:42:30'),
                                                                                             ('e402433f-ca72-4448-b02d-b301abb7ab42', 'c17273fd-ca33-4296-bbc2-01f4ab4908bc', 5, '{"New": 0, "Detail": "Updated Mattress Status", "Original": 4, "TimeStamp": "2025-03-17T16:48:26.69019+00:00"}', 0, '2025-03-17 16:48:27'),
                                                                                             ('e6783b71-9570-4489-95f8-fd4f7d75d522', '3a9071e2-e756-4f88-9e19-e43b4a6d242a', 8, '{"Detail": "Mattresses removed from group", "GroupId": "3a9071e2-e756-4f88-9e19-e43b4a6d242a", "TimeStamp": "2025-03-05T09:41:54.5323732+00:00", "MattressIds": ["1d632944-867c-4f28-a179-0866f1a052de"]}', 1, '2025-03-05 09:41:55'),
                                                                                             ('e6b6a69e-380f-42f0-950e-19fbc85d08c0', '3a9071e2-e756-4f88-9e19-e43b4a6d242a', 8, '{"Detail": "Mattresses removed from group", "GroupId": "3a9071e2-e756-4f88-9e19-e43b4a6d242a", "TimeStamp": "2025-03-05T17:57:49.1060757+00:00", "MattressIds": ["c17273fd-ca33-4296-bbc2-01f4ab4908bc"]}', 1, '2025-03-05 17:57:49'),
                                                                                             ('e6be1801-e7f0-42a8-ab90-c4183ae53e2f', '3a9071e2-e756-4f88-9e19-e43b4a6d242a', 8, '{"Detail": "Mattresses removed from group", "GroupId": "3a9071e2-e756-4f88-9e19-e43b4a6d242a", "TimeStamp": "2025-03-06T12:55:51.0215103+00:00", "MattressIds": ["c17273fd-ca33-4296-bbc2-01f4ab4908bc"]}', 1, '2025-03-06 12:55:51'),
                                                                                             ('e81181e3-2a51-4e90-9d7b-02631210389c', '3a9071e2-e756-4f88-9e19-e43b4a6d242a', 8, '{"Detail": "Mattresses removed from group", "GroupId": "3a9071e2-e756-4f88-9e19-e43b4a6d242a", "TimeStamp": "2025-03-05T09:20:43.9909358+00:00", "MattressIds": ["7e9a0203-a456-45c4-b98f-1880c56227bc"]}', 1, '2025-03-05 09:20:44'),
                                                                                             ('e8dbe0bc-9323-4bf9-a2f8-cd95d8624b8c', 'c17273fd-ca33-4296-bbc2-01f4ab4908bc', 5, '{"New": 3, "Detail": "Updated Mattress Status", "Original": 0, "TimeStamp": "2025-03-06T12:58:44.4122663+00:00"}', 0, '2025-03-06 12:58:44'),
                                                                                             ('eb7fffca-abbf-4745-b36e-0e7b7300a6c0', 'fe3809bf-4e6b-4dd1-b755-3ef882d78caa', 0, '{"Detail": "New Mattress Created", "result": {"Uid": "fe3809bf-4e6b-4dd1-b755-3ef882d78caa", "OrgId": "3e176182-beca-11ef-a25f-0242ac180002", "Status": 0, "BatchNo": "", "EpcCode": "", "location": "rry", "DaysToRotate": 10, "LifeCyclesEnd": "2025-03-17T00:00:00", "MattressTypeId": "466fd4af-c747-493f-ac5e-32fe02c8b6ac", "ProductionDate": "2025-03-17T00:00:00+00:00", "MattressTypeName": "Double"}, "TimeStamp": "2025-03-17T21:56:23.6305927+00:00"}', 0, '2025-03-17 21:56:24'),
                                                                                             ('ebcb6554-8125-47ac-9551-eb0b29bab316', '3a9071e2-e756-4f88-9e19-e43b4a6d242a', 8, '{"Detail": "Mattresses added to group", "GroupId": "3a9071e2-e756-4f88-9e19-e43b4a6d242a", "TimeStamp": "2025-03-05T17:47:54.4412019+00:00", "MattressIds": ["c17273fd-ca33-4296-bbc2-01f4ab4908bc"]}', 1, '2025-03-05 17:47:54'),
                                                                                             ('ec6ed565-84b0-4f1b-a5ae-1ba61cb34a26', '59f2a6d4-909e-4f60-8de3-a4f747308e47', 0, '{"Detail": "New Mattress Created", "result": {"Uid": "59f2a6d4-909e-4f60-8de3-a4f747308e47", "OrgId": "3e176182-beca-11ef-a25f-0242ac180002", "Status": 0, "BatchNo": "", "EpcCode": "", "location": "RFID 2", "DaysToRotate": 90, "LifeCyclesEnd": "2025-02-27T00:00:00", "MattressTypeId": "bad2da04-d7fe-11ef-8ca2-0242ac130002", "ProductionDate": "2025-02-27T00:00:00+00:00", "MattressTypeName": "King Size"}, "TimeStamp": "2025-02-27T16:55:15.0442804+00:00"}', 0, '2025-02-27 16:55:15'),
                                                                                             ('ed930e0e-898a-4efa-8098-99986c9fa50e', 'c17273fd-ca33-4296-bbc2-01f4ab4908bc', 5, '{"New": 1, "Detail": "Updated Mattress Status", "Original": 0, "TimeStamp": "2025-04-01T02:41:22.720333+01:00"}', 0, '2025-04-01 02:41:23'),
                                                                                             ('eda4ea53-172b-4e68-a020-5d183ab11cbe', '3a9071e2-e756-4f88-9e19-e43b4a6d242a', 8, '{"Detail": "Mattresses removed from group", "GroupId": "3a9071e2-e756-4f88-9e19-e43b4a6d242a", "TimeStamp": "2025-03-05T09:32:33.8874678+00:00", "MattressIds": ["aa29bc3e-9ac3-4456-bdf8-f1b64431521a"]}', 1, '2025-03-05 09:32:34'),
                                                                                             ('f2082c86-68f7-41f9-8e79-706a935669c9', '3a9071e2-e756-4f88-9e19-e43b4a6d242a', 8, '{"Detail": "Mattresses added to group", "GroupId": "3a9071e2-e756-4f88-9e19-e43b4a6d242a", "TimeStamp": "2025-03-05T18:01:12.1401687+00:00", "MattressIds": ["c17273fd-ca33-4296-bbc2-01f4ab4908bc"]}', 1, '2025-03-05 18:01:12'),
                                                                                             ('f24ed816-8783-4bba-b104-ce8fcd6be0e2', '01178515-aea6-42f8-9b32-ff1535863b59', 1, '{"Detail": "Mattress Transported Out", "mattress": {"Uid": "01178515-aea6-42f8-9b32-ff1535863b59", "OrgId": "3e176182-beca-11ef-a25f-0242ac180002", "Status": 6, "BatchNo": "", "EpcCode": "", "Location": "warehouse", "DaysToRotate": 0, "MattressType": null, "Organisation": null, "LifeCyclesEnd": "2025-01-24T00:00:00", "MattressGroups": [{"Group": {"Id": "19c05f1d-f86f-11ef-baf0-32593a02fb1f", "Name": "Demo_group", "Users": [], "Status": 1, "CreatedDate": "2025-03-03T20:35:52", "Description": "This is a demo group for testing purposes.", "SenderOrgId": "3e176182-beca-11ef-a25f-0242ac180002", "ModifiedDate": null, "ReceiverOrgId": "0bf389b4-e91b-45c0-bd2e-1d0c5920d08f", "MattressGroups": [], "SenderOrganisation": null, "TransferOutPurpose": null, "ReceiverOrganisation": null}, "GroupId": "19c05f1d-f86f-11ef-baf0-32593a02fb1f", "MattressId": "01178515-aea6-42f8-9b32-ff1535863b59", "DateAssociated": "2025-03-03T20:38:37", "DateDisassociated": null}], "MattressTypeId": "bad2ee39-d7fe-11ef-8ca2-0242ac130002", "ProductionDate": "2025-01-24T00:00:00", "LatestDateRotate": null}, "TimeStamp": "2025-03-03T20:38:44.5891565+00:00"}', 0, '2025-03-03 20:38:45'),
                                                                                             ('f3584d8f-f979-4d78-909f-ec1da368cfbe', '3a9071e2-e756-4f88-9e19-e43b4a6d242a', 8, '{"Detail": "Mattresses removed from group", "GroupId": "3a9071e2-e756-4f88-9e19-e43b4a6d242a", "TimeStamp": "2025-03-07T02:39:11.1808434+00:00", "MattressIds": ["1d632944-867c-4f28-a179-0866f1a052de"]}', 1, '2025-03-07 02:39:11'),
                                                                                             ('f3b3c73e-b5ef-4d34-a00b-351c1f7d9ae5', '1d66e224-5a74-47dc-858b-d49207ee0291', 8, '{"Detail": "Mattresses added to group", "GroupId": "1d66e224-5a74-47dc-858b-d49207ee0291", "TimeStamp": "2025-03-19T11:53:06.8285696+00:00", "MattressIds": ["0a32cb86-8757-45d0-851a-59ce9f41453c"]}', 1, '2025-03-19 11:53:07'),
                                                                                             ('f50d707e-8e01-41c4-9dfc-9346a08d2a4d', 'c17273fd-ca33-4296-bbc2-01f4ab4908bc', 4, '{"New": "Log Testingg", "Detail": "Updated Mattress Location", "Original": "Log Testing", "TimeStamp": "2025-03-06T14:59:35.7407192+00:00"}', 0, '2025-03-06 14:59:36'),
                                                                                             ('f595f918-b0c7-4771-8a20-165d5bcc57ad', '3a9071e2-e756-4f88-9e19-e43b4a6d242a', 8, '{"Detail": "Mattresses removed from group", "GroupId": "3a9071e2-e756-4f88-9e19-e43b4a6d242a", "TimeStamp": "2025-03-05T09:41:37.0883996+00:00", "MattressIds": ["59f2a6d4-909e-4f60-8de3-a4f747308e47"]}', 1, '2025-03-05 09:41:37'),
                                                                                             ('f909a071-2d7d-4398-94e4-44319f44d301', '0a32cb86-8757-45d0-851a-59ce9f41453c', 4, '{"New": "testing", "Detail": "Updated Mattress Location", "Original": "yy", "TimeStamp": "2025-03-20T14:27:29.4052034+00:00"}', 0, '2025-03-20 14:27:30'),
                                                                                             ('f9fa273a-c77e-4034-a63e-b56fc1d015b3', 'e517a5e1-e288-4796-9ce1-1eabb3b85152', 0, '{"Detail": "New Mattress Created", "result": {"Uid": "e517a5e1-e288-4796-9ce1-1eabb3b85152", "OrgId": "3e176182-beca-11ef-a25f-0242ac180002", "Status": 0, "BatchNo": "", "EpcCode": "", "location": "Dublin", "DaysToRotate": 90, "LifeCyclesEnd": "2025-03-28T00:00:00", "MattressTypeId": "bad2da04-d7fe-11ef-8ca2-0242ac130002", "ProductionDate": "2025-03-28T00:00:00+00:00", "LatestDateRotate": null, "MattressTypeName": "Jason Size"}, "TimeStamp": "2025-03-28T19:32:08.9889945+00:00"}', 0, '2025-03-28 19:32:09'),
                                                                                             ('fd93a37d-ade0-4ad0-9e2f-d7fa62c49b07', 'c17273fd-ca33-4296-bbc2-01f4ab4908bc', 5, '{"New": 2, "Detail": "Updated Mattress Status", "Original": 0, "TimeStamp": "2025-03-17T16:48:42.616615+00:00"}', 0, '2025-03-17 16:48:43'),
                                                                                             ('fe050ef0-f6cf-411b-9121-39f5e4d3e960', '597d0cba-f86e-11ef-baf0-32593a02fb1f', 5, '{"Detail": "Mattress Imported", "mattress": {"Uid": "597d0cba-f86e-11ef-baf0-32593a02fb1f", "OrgId": "0bf389b4-e91b-45c0-bd2e-1d0c5920d08f", "Status": 6, "BatchNo": "BATCH12345", "EpcCode": "EPC-987654321", "Location": null, "DaysToRotate": 180, "MattressType": null, "Organisation": null, "LifeCyclesEnd": "2035-03-03T00:00:00", "MattressGroups": [{"Group": {"Id": "32788989-f870-11ef-baf0-32593a02fb1f", "Name": "ICA_Demo", "Users": [], "Status": 1, "CreatedDate": "2025-03-03T20:43:43", "Description": "This is a demo group for testing purposes.", "SenderOrgId": "3e176182-beca-11ef-a25f-0242ac180002", "ModifiedDate": null, "ReceiverOrgId": "0bf389b4-e91b-45c0-bd2e-1d0c5920d08f", "MattressGroups": [{"GroupId": "32788989-f870-11ef-baf0-32593a02fb1f", "Mattress": {"Uid": "82ff60c5-f870-11ef-baf0-32593a02fb1f", "OrgId": "3e176182-beca-11ef-a25f-0242ac180002", "Status": 6, "BatchNo": "BATCH12345", "EpcCode": "EPC-987654321", "Location": "Store", "DaysToRotate": 180, "MattressType": null, "Organisation": null, "LifeCyclesEnd": "2035-03-03T00:00:00", "MattressGroups": [], "MattressTypeId": "466fd4af-c747-493f-ac5e-32fe02c8b6ac", "ProductionDate": "2025-03-03T00:00:00", "LatestDateRotate": "2025-08-30T00:00:00"}, "MattressId": "82ff60c5-f870-11ef-baf0-32593a02fb1f", "DateAssociated": "2025-03-03T20:53:08", "DateDisassociated": null}], "SenderOrganisation": null, "TransferOutPurpose": null, "ReceiverOrganisation": null}, "GroupId": "32788989-f870-11ef-baf0-32593a02fb1f", "MattressId": "597d0cba-f86e-11ef-baf0-32593a02fb1f", "DateAssociated": "2025-03-03T20:53:08", "DateDisassociated": null}], "MattressTypeId": "466fd4af-c747-493f-ac5e-32fe02c8b6ac", "ProductionDate": "2025-03-03T00:00:00", "LatestDateRotate": "2025-08-30T00:00:00"}, "TimeStamp": "2025-03-03T20:55:21.2269477+00:00"}', 0, '2025-03-03 20:55:21'),
                                                                                             ('fe1807dd-d35e-4249-8493-f2533b5297c3', '1d66e224-5a74-47dc-858b-d49207ee0291', 8, '{"Detail": "Mattresses removed from group", "GroupId": "1d66e224-5a74-47dc-858b-d49207ee0291", "TimeStamp": "2025-03-19T11:53:11.0494667+00:00", "MattressIds": ["1d632944-867c-4f28-a179-0866f1a052de"]}', 1, '2025-03-19 11:53:11');

-- Dumping structure for table matcron_db.Mattresses
CREATE TABLE IF NOT EXISTS `Mattresses` (
                                            `Uid` char(36) NOT NULL DEFAULT (uuid()),
    `MattressTypeId` char(36) NOT NULL,
    `OrgId` char(36) DEFAULT NULL,
    `BatchNo` varchar(50) DEFAULT NULL,
    `ProductionDate` date NOT NULL,
    `EpcCode` varchar(100) DEFAULT NULL,
    `Status` tinyint NOT NULL,
    `LifeCyclesEnd` date DEFAULT NULL,
    `LatestDateRotate` datetime DEFAULT NULL,
    `DaysToRotate` int NOT NULL,
    `Location` varchar(100) DEFAULT NULL,
    `RotationTimer` datetime DEFAULT NULL,
    PRIMARY KEY (`Uid`),
    KEY `MattressTypeId` (`MattressTypeId`),
    KEY `OrgId` (`OrgId`),
    CONSTRAINT `Mattresses_ibfk_1` FOREIGN KEY (`MattressTypeId`) REFERENCES `MattressTypes` (`Id`) ON DELETE CASCADE,
    CONSTRAINT `Mattresses_ibfk_2` FOREIGN KEY (`OrgId`) REFERENCES `Organisations` (`Id`) ON DELETE CASCADE
    ) ENGINE=InnoDB DEFAULT CHARSET=utf8mb4 COLLATE=utf8mb4_0900_ai_ci;

-- Dumping data for table matcron_db.Mattresses: ~19 rows (approximately)
DELETE FROM `Mattresses`;
INSERT INTO `Mattresses` (`Uid`, `MattressTypeId`, `OrgId`, `BatchNo`, `ProductionDate`, `EpcCode`, `Status`, `LifeCyclesEnd`, `LatestDateRotate`, `DaysToRotate`, `Location`, `RotationTimer`) VALUES
                                                                                                                                                                                                    ('01178515-aea6-42f8-9b32-ff1535863b59', 'bad2ee39-d7fe-11ef-8ca2-0242ac130002', '0bf389b4-e91b-45c0-bd2e-1d0c5920d08f', '', '2025-01-24', '', 6, '2025-01-24', NULL, 0, NULL, NULL),
                                                                                                                                                                                                    ('0a32cb86-8757-45d0-851a-59ce9f41453c', '466fd4af-c747-493f-ac5e-32fe02c8b6ac', '3e176182-beca-11ef-a25f-0242ac180002', '', '2025-03-17', '', 0, '2025-03-17', NULL, 10, 'testing', NULL),
                                                                                                                                                                                                    ('1d632944-867c-4f28-a179-0866f1a052de', 'bad2ee39-d7fe-11ef-8ca2-0242ac130002', '3e176182-beca-11ef-a25f-0242ac180002', '', '2025-02-22', '', 6, '2025-02-22', NULL, 0, 'Jason', NULL),
                                                                                                                                                                                                    ('2c3424bb-a4ad-41ff-8382-438d6bc80bb4', 'bad2da04-d7fe-11ef-8ca2-0242ac130002', '3e176182-beca-11ef-a25f-0242ac180002', '', '2025-03-17', '', 0, '2025-03-17', NULL, 90, '205', NULL),
                                                                                                                                                                                                    ('2e0c4c0c-4fc8-41b1-b494-63cb564fcf22', 'bad2ee39-d7fe-11ef-8ca2-0242ac130002', NULL, '', '2025-02-03', '', 0, '2025-02-03', NULL, 0, 'warehouse2', NULL),
                                                                                                                                                                                                    ('597d0cba-f86e-11ef-baf0-32593a02fb1f', '466fd4af-c747-493f-ac5e-32fe02c8b6ac', '0bf389b4-e91b-45c0-bd2e-1d0c5920d08f', 'BATCH12345', '2025-03-03', 'EPC-987654321', 6, '2035-03-03', '2025-08-30 00:00:00', 180, NULL, NULL),
                                                                                                                                                                                                    ('59f2a6d4-909e-4f60-8de3-a4f747308e47', 'bad2da04-d7fe-11ef-8ca2-0242ac130002', '3e176182-beca-11ef-a25f-0242ac180002', '', '2025-02-27', '', 1, '2025-02-27', NULL, 90, 'RFID 1', NULL),
                                                                                                                                                                                                    ('738e3d44-784e-4a48-8eaa-df55e402d606', 'bad2ee39-d7fe-11ef-8ca2-0242ac130002', '3e176182-beca-11ef-a25f-0242ac180002', '', '2025-02-27', '', 0, '2025-02-27', NULL, 90, 'Warehouse A', '2025-06-15 14:58:45'),
                                                                                                                                                                                                    ('7e9a0203-a456-45c4-b98f-1880c56227bc', 'bad2da04-d7fe-11ef-8ca2-0242ac130002', '3e176182-beca-11ef-a25f-0242ac180002', '', '2025-02-27', '', 0, '2025-02-27', NULL, 90, 'Test', NULL),
                                                                                                                                                                                                    ('82ff60c5-f870-11ef-baf0-32593a02fb1f', '466fd4af-c747-493f-ac5e-32fe02c8b6ac', '0bf389b4-e91b-45c0-bd2e-1d0c5920d08f', 'BATCH12345', '2025-03-03', 'EPC-987654321', 3, '2035-03-03', '2025-08-30 00:00:00', 0, 'Test', '2025-03-07 15:47:14'),
                                                                                                                                                                                                    ('8f6e1825-93d3-483e-9993-2a6faf92a0b7', 'bad2ee39-d7fe-11ef-8ca2-0242ac130002', 'aafbb82a-e27d-11ef-b30d-0242ac130002', '', '2025-02-03', '', 3, '2025-02-03', NULL, 0, 'storeroom', '2025-03-20 22:49:51'),
                                                                                                                                                                                                    ('a93d420e-9956-4b07-a93e-743e9f3f5366', 'bad2da04-d7fe-11ef-8ca2-0242ac130002', '0bf389b4-e91b-45c0-bd2e-1d0c5920d08f', '', '2025-01-31', '', 6, '2025-01-31', NULL, 0, NULL, NULL),
                                                                                                                                                                                                    ('aa29bc3e-9ac3-4456-bdf8-f1b64431521a', '466fd4af-c747-493f-ac5e-32fe02c8b6ac', '3e176182-beca-11ef-a25f-0242ac180002', '', '2025-02-27', '', 3, '2025-02-27', NULL, 10, 'DKIT', '2025-03-20 01:02:00'),
                                                                                                                                                                                                    ('c17273fd-ca33-4296-bbc2-01f4ab4908bc', 'bad2da04-d7fe-11ef-8ca2-0242ac130002', '3e176182-beca-11ef-a25f-0242ac180002', '', '2025-03-05', '', 1, '2025-03-05', NULL, 90, 'Loggi', NULL),
                                                                                                                                                                                                    ('c6bdbd64-ff0c-49a7-8eb2-c30a9a8f6c67', 'bad2da04-d7fe-11ef-8ca2-0242ac130002', '0bf389b4-e91b-45c0-bd2e-1d0c5920d08f', '', '2025-01-31', '', 6, '2025-01-31', NULL, 0, NULL, NULL),
                                                                                                                                                                                                    ('da9ddfa8-2623-43c3-9aba-9e5630f6a48b', 'bad2da04-d7fe-11ef-8ca2-0242ac130002', '3e176182-beca-11ef-a25f-0242ac180002', '', '2025-02-27', '', 0, '2025-02-27', NULL, 90, 'Warehouse A', NULL),
                                                                                                                                                                                                    ('e517a5e1-e288-4796-9ce1-1eabb3b85152', 'bad2da04-d7fe-11ef-8ca2-0242ac130002', '3e176182-beca-11ef-a25f-0242ac180002', '', '2025-03-28', '', 0, '2025-03-28', NULL, 90, 'Dublin', NULL),
                                                                                                                                                                                                    ('ed2fc4b5-acd2-4695-b964-245dea5114ac', 'bad2da04-d7fe-11ef-8ca2-0242ac130002', '3e176182-beca-11ef-a25f-0242ac180002', '', '2025-02-27', '', 0, '2025-02-27', NULL, 90, 'Wee', NULL),
                                                                                                                                                                                                    ('fe3809bf-4e6b-4dd1-b755-3ef882d78caa', '466fd4af-c747-493f-ac5e-32fe02c8b6ac', '3e176182-beca-11ef-a25f-0242ac180002', '', '2025-03-17', '', 3, '2025-03-17', NULL, 10, 'philip', '2025-04-16 14:31:29');

-- Dumping structure for table matcron_db.MattressGroups
CREATE TABLE IF NOT EXISTS `MattressGroups` (
                                                `MattressId` char(36) NOT NULL,
    `GroupId` char(36) NOT NULL,
    `DateAssociated` datetime NOT NULL DEFAULT CURRENT_TIMESTAMP,
    `DateDisassociated` datetime DEFAULT NULL,
    PRIMARY KEY (`MattressId`,`GroupId`),
    KEY `GroupId` (`GroupId`),
    CONSTRAINT `MattressGroups_ibfk_1` FOREIGN KEY (`MattressId`) REFERENCES `Mattresses` (`Uid`) ON DELETE CASCADE,
    CONSTRAINT `MattressGroups_ibfk_2` FOREIGN KEY (`GroupId`) REFERENCES `Groups` (`Id`) ON DELETE CASCADE
    ) ENGINE=InnoDB DEFAULT CHARSET=utf8mb4 COLLATE=utf8mb4_0900_ai_ci;

-- Dumping data for table matcron_db.MattressGroups: ~13 rows (approximately)
DELETE FROM `MattressGroups`;
INSERT INTO `MattressGroups` (`MattressId`, `GroupId`, `DateAssociated`, `DateDisassociated`) VALUES
                                                                                                  ('01178515-aea6-42f8-9b32-ff1535863b59', '19c05f1d-f86f-11ef-baf0-32593a02fb1f', '2025-03-03 20:38:37', NULL),
                                                                                                  ('0a32cb86-8757-45d0-851a-59ce9f41453c', '4aafd3c8-94f5-4467-b61b-8d5277487d2a', '2025-03-19 21:20:18', NULL),
                                                                                                  ('597d0cba-f86e-11ef-baf0-32593a02fb1f', '32788989-f870-11ef-baf0-32593a02fb1f', '2025-03-03 20:53:08', NULL),
                                                                                                  ('82ff60c5-f870-11ef-baf0-32593a02fb1f', '32788989-f870-11ef-baf0-32593a02fb1f', '2025-03-03 20:53:08', NULL),
                                                                                                  ('8f6e1825-93d3-483e-9993-2a6faf92a0b7', '55e42032-f1b8-4def-94cd-a803bef95235', '2025-02-04 00:07:54', NULL),
                                                                                                  ('8f6e1825-93d3-483e-9993-2a6faf92a0b7', 'e344ebcd-8f6d-47c1-8a96-d3c9add368b6', '2025-02-03 23:51:32', NULL),
                                                                                                  ('a93d420e-9956-4b07-a93e-743e9f3f5366', 'b2ba3996-91f2-40e4-8849-a4d48dccb502', '2025-01-31 08:04:59', NULL),
                                                                                                  ('aa29bc3e-9ac3-4456-bdf8-f1b64431521a', '4aafd3c8-94f5-4467-b61b-8d5277487d2a', '2025-03-19 21:20:18', NULL),
                                                                                                  ('c6bdbd64-ff0c-49a7-8eb2-c30a9a8f6c67', '12c7a53d-7633-49cf-b7ea-591b83cd9d9f', '2025-01-31 07:33:10', NULL),
                                                                                                  ('c6bdbd64-ff0c-49a7-8eb2-c30a9a8f6c67', 'b2ba3996-91f2-40e4-8849-a4d48dccb502', '2025-01-31 08:04:59', NULL),
                                                                                                  ('da9ddfa8-2623-43c3-9aba-9e5630f6a48b', '4aafd3c8-94f5-4467-b61b-8d5277487d2a', '2025-03-19 21:20:18', NULL),
                                                                                                  ('e517a5e1-e288-4796-9ce1-1eabb3b85152', '3a9071e2-e756-4f88-9e19-e43b4a6d242a', '2025-03-28 19:32:42', NULL),
                                                                                                  ('fe3809bf-4e6b-4dd1-b755-3ef882d78caa', '4aafd3c8-94f5-4467-b61b-8d5277487d2a', '2025-03-19 21:20:18', NULL);

-- Dumping structure for table matcron_db.MattressIdentifierPool
CREATE TABLE IF NOT EXISTS `MattressIdentifierPool` (
                                                        `Id` char(36) NOT NULL,
    `OrgId` char(36) NOT NULL,
    `MattressIdentifier` varchar(100) DEFAULT NULL,
    `EpcCode` varchar(100) DEFAULT NULL,
    `QrCodeBase64` longtext,
    `IsAssigned` tinyint(1) NOT NULL DEFAULT '0',
    `CreatedDate` datetime NOT NULL,
    `AssignedDate` datetime DEFAULT NULL,
    `AssignedToMattressId` char(36) DEFAULT NULL,
    PRIMARY KEY (`Id`),
    KEY `IX_MattressIdentifierPool_OrgId` (`OrgId`),
    KEY `IX_MattressIdentifierPool_EpcCode` (`EpcCode`),
    KEY `IX_MattressIdentifierPool_MattressIdentifier` (`MattressIdentifier`),
    KEY `IX_MattressIdentifierPool_IsAssigned` (`IsAssigned`),
    KEY `IX_MattressIdentifierPool_AssignedToMattressId` (`AssignedToMattressId`),
    CONSTRAINT `FK_MattressIdentifierPool_Mattresses_AssignedToMattressId` FOREIGN KEY (`AssignedToMattressId`) REFERENCES `Mattresses` (`Uid`) ON DELETE SET NULL,
    CONSTRAINT `FK_MattressIdentifierPool_Organisations_OrgId` FOREIGN KEY (`OrgId`) REFERENCES `Organisations` (`Id`) ON DELETE CASCADE
    ) ENGINE=InnoDB DEFAULT CHARSET=utf8mb4 COLLATE=utf8mb4_0900_ai_ci;

-- Dumping data for table matcron_db.MattressIdentifierPool: ~0 rows (approximately)
DELETE FROM `MattressIdentifierPool`;

-- Dumping structure for table matcron_db.MattressTypes
CREATE TABLE IF NOT EXISTS `MattressTypes` (
                                               `Id` char(36) NOT NULL DEFAULT (uuid()),
    `Name` varchar(100) NOT NULL,
    `Width` double NOT NULL,
    `Length` double NOT NULL,
    `Height` double NOT NULL,
    `Washable` tinyint(1) NOT NULL,
    `RotationInterval` double NOT NULL,
    `ExpectedLifespan` double NOT NULL,
    `WarrantyPeriod` double NOT NULL,
    `Stock` double NOT NULL,
    `Composition` varchar(500) NOT NULL,
    `RecyclingDetails` varchar(500) NOT NULL,
    PRIMARY KEY (`Id`)
    ) ENGINE=InnoDB DEFAULT CHARSET=utf8mb4 COLLATE=utf8mb4_0900_ai_ci;

-- Dumping data for table matcron_db.MattressTypes: ~4 rows (approximately)
DELETE FROM `MattressTypes`;
INSERT INTO `MattressTypes` (`Id`, `Name`, `Width`, `Length`, `Height`, `Washable`, `RotationInterval`, `ExpectedLifespan`, `WarrantyPeriod`, `Stock`, `Composition`, `RecyclingDetails`) VALUES
                                                                                                                                                                                              ('2f26fb1b-8e33-45cd-91cc-6361bea65500', 'New Mattress Typee', 133, 444, 588, 0, 130, 2, 1, 0, 'Yes', 'Yes'),
                                                                                                                                                                                              ('466fd4af-c747-493f-ac5e-32fe02c8b6ac', 'Double', 200, 200, 200, 0, 10, 1, 1, 3, 'Yes', 'Yes'),
                                                                                                                                                                                              ('bad2da04-d7fe-11ef-8ca2-0242ac130002', 'Jason Size', 193, 203, 30, 0, 90, 10, 5, 60, 'Memory foam with gel-infused layer', 'Recyclable foam and spring components'),
                                                                                                                                                                                              ('bad2ee39-d7fe-11ef-8ca2-0242ac130002', 'Queen Size', 152, 203, 28, 1, 90, 8, 3, 79, 'Hybrid of memory foam and latex', 'Components are 80% recyclable');

-- Dumping structure for table matcron_db.Notifications
CREATE TABLE IF NOT EXISTS `Notifications` (
                                               `Id` char(36) NOT NULL,
    `Message` text NOT NULL,
    `Status` tinyint NOT NULL,
    `CreatedAt` date NOT NULL,
    `UpdatedAt` date NOT NULL,
    `OrganisationId` char(36) DEFAULT NULL,
    PRIMARY KEY (`Id`),
    KEY `FK_Notification_Organisation` (`OrganisationId`),
    CONSTRAINT `FK_Notification_Organisation` FOREIGN KEY (`OrganisationId`) REFERENCES `Organisations` (`Id`) ON DELETE SET NULL
    ) ENGINE=InnoDB DEFAULT CHARSET=utf8mb4 COLLATE=utf8mb4_0900_ai_ci;

-- Dumping data for table matcron_db.Notifications: ~5 rows (approximately)
DELETE FROM `Notifications`;
INSERT INTO `Notifications` (`Id`, `Message`, `Status`, `CreatedAt`, `UpdatedAt`, `OrganisationId`) VALUES
                                                                                                        ('12a02ffa-7b3a-4c4e-ab88-2c3df3670f63', 'Mattress transfered out', 0, '2025-03-07', '2025-03-07', NULL),
                                                                                                        ('2fa18b98-64ef-4673-9544-0a48e3707e6d', 'Mattress transfered out', 0, '2025-03-07', '2025-03-07', NULL),
                                                                                                        ('b1a7c4d2-3e45-4f62-8b7e-2a0d3f6e5c85', 'Your notification message', 1, '2024-03-06', '2024-03-06', '0bf389b4-e91b-45c0-bd2e-1d0c5920d08f'),
                                                                                                        ('b1a7c4d2-3e45-4f62-8b7e-2a0d3f6e5c89', 'Your notification message', 1, '2024-03-06', '2024-03-06', '0bf389b4-e91b-45c0-bd2e-1d0c5920d08f'),
                                                                                                        ('d1218833-ed26-4c7d-835c-dcdeb8df0199', 'mattress in room DKIT needs roatation', 0, '2025-03-25', '2025-03-25', NULL);

-- Dumping structure for table matcron_db.Organisations
CREATE TABLE IF NOT EXISTS `Organisations` (
                                               `Id` char(36) NOT NULL DEFAULT (uuid()),
    `Name` varchar(100) DEFAULT NULL,
    `Email` varchar(100) DEFAULT NULL,
    `Description` text,
    `PostalAddress` text,
    `NormalAddress` text,
    `WebsiteLink` text,
    `Eir` varchar(50) DEFAULT NULL,
    `County` varchar(50) DEFAULT NULL,
    `Logo` text,
    `RegistrationNo` varchar(100) DEFAULT NULL,
    `OrganisationType` tinyint DEFAULT NULL,
    `OrganisationCode` varchar(50) NOT NULL,
    PRIMARY KEY (`Id`)
    ) ENGINE=InnoDB DEFAULT CHARSET=utf8mb4 COLLATE=utf8mb4_0900_ai_ci;

-- Dumping data for table matcron_db.Organisations: ~4 rows (approximately)
DELETE FROM `Organisations`;
INSERT INTO `Organisations` (`Id`, `Name`, `Email`, `Description`, `PostalAddress`, `NormalAddress`, `WebsiteLink`, `Eir`, `County`, `Logo`, `RegistrationNo`, `OrganisationType`, `OrganisationCode`) VALUES
                                                                                                                                                                                                           ('0bf389b4-e91b-45c0-bd2e-1d0c5920d08f', 'Matcron123789304', 'matcron@online.com', 'this is a collaboration organisation we will never fail !!', 'AA91 K584', 'A91 K584', 'www.matcon.online', 'aosidiajbskl', 'asdasa', '', '11234859', 0, 'ORG005'),
                                                                                                                                                                                                           ('3e176182-beca-11ef-a25f-0242ac180002', 'SwissFeel', 'dev@example.com', 'A development organization for testing purposes.', '123 Dev Street, Tech City, 12345', '123 Dev Street, Tech City, 12345', 'https://www.devorganisation.com', NULL, NULL, 'dev-logo.png', 'DEV-123456', 0, 'DEV123'),
                                                                                                                                                                                                           ('aafbb82a-e27d-11ef-b30d-0242ac130002', 'Castel Bellingham', 'castel@gmail.com', 'new cutomer', 'Bellingham Castle, Castlebellingham, Co. Louth', 'Bellingham Castle, Castlebellingham, Co. Louth,', 'https://www.neworg.com', ', A91 RP44', 'Louth', NULL, 'REG123456', 1, 'ORG999'),
                                                                                                                                                                                                           ('b34aa4cf-9b93-4423-b0de-313ce2e2bcdb', 'Matcron', 'matcron@online.com', 'this is a collaboration organisation we will never fail !!', 'AA91 K584', 'A91 K584', 'www.matcon.online', 'A91NY6Y', 'Louth', '', '11234859', 1, 'ORG003');

-- Dumping structure for table matcron_db.UserNotifications
CREATE TABLE IF NOT EXISTS `UserNotifications` (
                                                   `Id` char(36) NOT NULL DEFAULT (uuid()),
    `ReadAt` date DEFAULT NULL,
    `ReadStatus` tinyint NOT NULL,
    `UserId` char(36) NOT NULL,
    `NotificationId` char(36) NOT NULL,
    `message` varchar(255) DEFAULT NULL,
    PRIMARY KEY (`Id`),
    KEY `FK_UserNotification_User` (`UserId`),
    KEY `FK_UserNotification_Notification` (`NotificationId`),
    CONSTRAINT `FK_UserNotification_Notification` FOREIGN KEY (`NotificationId`) REFERENCES `Notifications` (`Id`) ON DELETE CASCADE,
    CONSTRAINT `FK_UserNotification_User` FOREIGN KEY (`UserId`) REFERENCES `Users` (`Id`) ON DELETE CASCADE
    ) ENGINE=InnoDB DEFAULT CHARSET=utf8mb4 COLLATE=utf8mb4_0900_ai_ci;

-- Dumping data for table matcron_db.UserNotifications: ~15 rows (approximately)
DELETE FROM `UserNotifications`;
INSERT INTO `UserNotifications` (`Id`, `ReadAt`, `ReadStatus`, `UserId`, `NotificationId`, `message`) VALUES
                                                                                                          ('0e0217e6-a02e-4835-b6b4-3dd405986c1f', NULL, 0, '651d798b-57d8-4868-a426-f472c35e431a', '12a02ffa-7b3a-4c4e-ab88-2c3df3670f63', 'Mattress transfered out'),
                                                                                                          ('1941319d-d7cd-4bce-a7aa-59586601ad6a', NULL, 0, '7897945f-77b2-4b24-8f1a-179a68a0a7f0', 'd1218833-ed26-4c7d-835c-dcdeb8df0199', 'mattress in room DKIT needs roatation'),
                                                                                                          ('401e32f5-b98e-4d33-ab9f-5e9416f0e3c4', NULL, 0, '11733c34-0804-435d-a276-77125abdebd4', 'd1218833-ed26-4c7d-835c-dcdeb8df0199', 'mattress in room DKIT needs roatation'),
                                                                                                          ('4157fc4f-e369-4450-897b-09f9697ea622', NULL, 0, '9c29d4fe-15f3-4354-91f3-5dbf9b6afb9b', 'd1218833-ed26-4c7d-835c-dcdeb8df0199', 'mattress in room DKIT needs roatation'),
                                                                                                          ('5a00eea4-2146-4539-9767-3d1db16ab168', NULL, 0, 'dd86336c-7806-4932-b8f2-efee2a21c039', 'd1218833-ed26-4c7d-835c-dcdeb8df0199', 'mattress in room DKIT needs roatation'),
                                                                                                          ('617a76a8-a7ff-4094-bbb5-e682a2285c0f', NULL, 0, '7897945f-77b2-4b24-8f1a-179a68a0a7f0', '12a02ffa-7b3a-4c4e-ab88-2c3df3670f63', 'Mattress transfered out'),
                                                                                                          ('65741f3b-3987-446e-b93f-72bf66b6f399', NULL, 0, '16ad622b-f418-41e0-b1d0-355f60dcdc72', '12a02ffa-7b3a-4c4e-ab88-2c3df3670f63', 'Mattress transfered out'),
                                                                                                          ('6fbc30ff-5bd4-4da0-8d66-1243ed6a2bed', NULL, 0, 'dd86336c-7806-4932-b8f2-efee2a21c039', '12a02ffa-7b3a-4c4e-ab88-2c3df3670f63', 'Mattress transfered out'),
                                                                                                          ('96b5fd65-8091-4188-9bbb-98dd44b48dde', NULL, 0, '16ad622b-f418-41e0-b1d0-355f60dcdc72', '2fa18b98-64ef-4673-9544-0a48e3707e6d', 'Mattress transfered out'),
                                                                                                          ('a7d819e5-0071-4f97-b13e-173b6575ddaa', NULL, 0, '16ad622b-f418-41e0-b1d0-355f60dcdc72', 'd1218833-ed26-4c7d-835c-dcdeb8df0199', 'mattress in room DKIT needs roatation'),
                                                                                                          ('b1a7c4d2-3e45-4f62-8b7e-2a0d3f6e5c85', '2025-03-06', 1, '16ad622b-f418-41e0-b1d0-355f60dcdc72', 'b1a7c4d2-3e45-4f62-8b7e-2a0d3f6e5c89', NULL),
                                                                                                          ('b3ba7c89-de99-45e5-bf5c-c49883043e97', NULL, 0, 'dd86336c-7806-4932-b8f2-efee2a21c039', '2fa18b98-64ef-4673-9544-0a48e3707e6d', 'Mattress transfered out'),
                                                                                                          ('cb78142f-cde2-4d7c-b47d-523298649635', NULL, 0, '651d798b-57d8-4868-a426-f472c35e431a', '2fa18b98-64ef-4673-9544-0a48e3707e6d', 'Mattress transfered out'),
                                                                                                          ('ed8096d3-73ab-4318-84dd-59067893cae8', NULL, 0, '7897945f-77b2-4b24-8f1a-179a68a0a7f0', '2fa18b98-64ef-4673-9544-0a48e3707e6d', 'Mattress transfered out'),
                                                                                                          ('f2559873-856d-46fb-bf73-9916164fdf8b', NULL, 0, '651d798b-57d8-4868-a426-f472c35e431a', 'd1218833-ed26-4c7d-835c-dcdeb8df0199', 'mattress in room DKIT needs roatation');

-- Dumping structure for table matcron_db.Users
CREATE TABLE IF NOT EXISTS `Users` (
                                       `Id` char(36) NOT NULL DEFAULT (uuid()),
    `OrgId` char(36) DEFAULT NULL,
    `FirstName` varchar(50) DEFAULT NULL,
    `LastName` varchar(50) DEFAULT NULL,
    `Password` text,
    `Email` varchar(100) DEFAULT NULL,
    `EmailVerified` tinyint(1) NOT NULL DEFAULT '0',
    `UserRole` tinyint NOT NULL,
    `ProfilePicture` text,
    `Token` text,
    `Status` tinyint NOT NULL DEFAULT '1',
    PRIMARY KEY (`Id`),
    KEY `OrgId` (`OrgId`),
    CONSTRAINT `Users_ibfk_1` FOREIGN KEY (`OrgId`) REFERENCES `Organisations` (`Id`) ON DELETE CASCADE
    ) ENGINE=InnoDB DEFAULT CHARSET=utf8mb4 COLLATE=utf8mb4_0900_ai_ci;

-- Dumping data for table matcron_db.Users: ~24 rows (approximately)
DELETE FROM `Users`;
INSERT INTO `Users` (`Id`, `OrgId`, `FirstName`, `LastName`, `Password`, `Email`, `EmailVerified`, `UserRole`, `ProfilePicture`, `Token`, `Status`) VALUES
                                                                                                                                                        ('05e14fc1-0d70-4dc9-8b3e-67add921e84f', '0bf389b4-e91b-45c0-bd2e-1d0c5920d08f', NULL, NULL, NULL, 'radhikabasak2004@gmail.com', 0, 1, NULL, NULL, 1),
                                                                                                                                                        ('10338a6e-cc4d-4fe9-8df1-828f97d8c089', '0bf389b4-e91b-45c0-bd2e-1d0c5920d08f', 'sani_testing', 'sani_testing', 'password', 's@gmail.com', 3, 1, 'https://example.com/avatar.jpg', NULL, 1),
                                                                                                                                                        ('11733c34-0804-435d-a276-77125abdebd4', '3e176182-beca-11ef-a25f-0242ac180002', NULL, NULL, NULL, 'philiptest@gmail.com', 0, 0, NULL, NULL, 0),
                                                                                                                                                        ('16ad622b-f418-41e0-b1d0-355f60dcdc72', '3e176182-beca-11ef-a25f-0242ac180002', 'matcron', 'matcron ', '47967c40d33dd50155c726eb55e88b60c4878463ed206ed9b4247783d370e8f1', 'matcron@gmail.com', 0, 1, NULL, 'eyJhbGciOiJIUzI1NiIsInR5cCI6IkpXVCJ9.eyJzdWIiOiIxNmFkNjIyYi1mNDE4LTQxZTAtYjFkMC0zNTVmNjBkY2RjNzIiLCJJZCI6IjE2YWQ2MjJiLWY0MTgtNDFlMC1iMWQwLTM1NWY2MGRjZGM3MiIsIkVtYWlsIjoibWF0Y3JvbkBnbWFpbC5jb20iLCJVc2VyVHlwZSI6IjEiLCJPcmdJZCI6IjNlMTc2MTgyLWJlY2EtMTFlZi1hMjVmLTAyNDJhYzE4MDAwMiIsIk9yZ1R5cGUiOiIwIiwiZXhwIjoxNzQ2Mjk3NjU5LCJpc3MiOiJNYXRjcm9uLm9ubGluZSIsImF1ZCI6Ik1hdGNyb24ub25saW5lIn0.DEyOJteK7hb3eB08xu6l33CrAfLXkTSOsxy4hqHo0jk', 1),
                                                                                                                                                        ('1a62000e-65fe-484a-8ca9-c122738da786', '0bf389b4-e91b-45c0-bd2e-1d0c5920d08f', 'sanidhya', 'Pandeyyy', '47967c40d33dd50155c726eb55e88b60c4878463ed206ed9b4247783d370e8f1', 'sani@gmail.com', 0, 1, NULL, 'eyJhbGciOiJIUzI1NiIsInR5cCI6IkpXVCJ9.eyJzdWIiOiIxYTYyMDAwZS02NWZlLTQ4NGEtOGNhOS1jMTIyNzM4ZGE3ODYiLCJJZCI6IjFhNjIwMDBlLTY1ZmUtNDg0YS04Y2E5LWMxMjI3MzhkYTc4NiIsIkVtYWlsIjoic2FuaUBnbWFpbC5jb20iLCJVc2VyVHlwZSI6IjEiLCJPcmdJZCI6IjBiZjM4OWI0LWU5MWItNDVjMC1iZDJlLTFkMGM1OTIwZDA4ZiIsImV4cCI6MTc0MjMwNTQ1NywiaXNzIjoiTWF0Y3Jvbi5vbmxpbmUiLCJhdWQiOiJNYXRjcm9uLm9ubGluZSJ9.zxIacw4LeAcnLu35PFf1luXIqQLYhZKtHKNOj0CPWQ8', 1),
                                                                                                                                                        ('1bdd9d8d-0274-40e3-976c-049a4d38ec6d', '0bf389b4-e91b-45c0-bd2e-1d0c5920d08f', 'manish', 'manish', 'password', 'manish@gmail.com', 3, 0, 'https://example.com/avatar.jpg', NULL, 1),
                                                                                                                                                        ('266ea466-b384-44a6-964e-fd9e6f51118c', '0bf389b4-e91b-45c0-bd2e-1d0c5920d08f', 'loginTest', 'loginTest', 'password', 'logintest@gmail.com', 1, 0, 'https://example.com/avatar.jpg', 'eyJhbGciOiJIUzI1NiIsInR5cCI6IkpXVCJ9.eyJzdWIiOiIyNjZlYTQ2Ni1iMzg0LTQ0YTYtOTY0ZS1mZDllNmY1MTExOGMiLCJJZCI6IjI2NmVhNDY2LWIzODQtNDRhNi05NjRlLWZkOWU2ZjUxMTE4YyIsIkVtYWlsIjoibG9naW50ZXN0QGdtYWlsLmNvbSIsIk9yZ0lkIjoiMGJmMzg5YjQtZTkxYi00NWMwLWJkMmUtMWQwYzU5MjBkMDhmIiwiZXhwIjoxNzQyMDYxOTQwLCJpc3MiOiJNYXRjcm9uLm9ubGluZSIsImF1ZCI6Ik1hdGNyb24ub25saW5lIn0.6nNNSVIiUZS3PNiFWHaahvUz3eqSpHys0WHIjei8VKQ', 1),
                                                                                                                                                        ('5a207b49-5ea5-4b3e-a9ff-1ae6cc0f45b0', '0bf389b4-e91b-45c0-bd2e-1d0c5920d08f', NULL, NULL, NULL, 'test@example.com', 0, 1, NULL, NULL, 1),
                                                                                                                                                        ('5aebcf70-a339-4f63-850f-75c96ea49dbb', '0bf389b4-e91b-45c0-bd2e-1d0c5920d08f', NULL, NULL, NULL, 'radhikabasak2004sss@gmail.com', 0, 1, NULL, NULL, 1),
                                                                                                                                                        ('63b39300-ad1b-4cfd-83b0-4c079685a862', '0bf389b4-e91b-45c0-bd2e-1d0c5920d08f', 'Kosy', 'Stephanie', '580db1737038277cf9f43dd070518577e02af34b0864f1c6bbe3553ab81682d3', 'kokosteph2003@gmail.com', 0, 1, NULL, 'eyJhbGciOiJIUzI1NiIsInR5cCI6IkpXVCJ9.eyJzdWIiOiI2M2IzOTMwMC1hZDFiLTRjZmQtODNiMC00YzA3OTY4NWE4NjIiLCJJZCI6IjYzYjM5MzAwLWFkMWItNGNmZC04M2IwLTRjMDc5Njg1YTg2MiIsIkVtYWlsIjoia29rb3N0ZXBoMjAwM0BnbWFpbC5jb20iLCJVc2VyVHlwZSI6IjEiLCJPcmdJZCI6IjBiZjM4OWI0LWU5MWItNDVjMC1iZDJlLTFkMGM1OTIwZDA4ZiIsImV4cCI6MTczODAyMDkwNiwiaXNzIjoiTWF0Y3Jvbi5vbmxpbmUiLCJhdWQiOiJNYXRjcm9uLm9ubGluZSJ9.--wnUAmCZZYIuBLCXiqCIMLdfUakgZARXprRAm146l0', 1),
                                                                                                                                                        ('651d798b-57d8-4868-a426-f472c35e431a', '3e176182-beca-11ef-a25f-0242ac180002', 'ong', 'sani', '47967c40d33dd50155c726eb55e88b60c4878463ed206ed9b4247783d370e8f1', 'ongsani@gmail.com', 0, 1, NULL, 'eyJhbGciOiJIUzI1NiIsInR5cCI6IkpXVCJ9.eyJzdWIiOiI2NTFkNzk4Yi01N2Q4LTQ4NjgtYTQyNi1mNDcyYzM1ZTQzMWEiLCJFbWFpbCI6Im9uZ3NhbmlAZ21haWwuY29tIiwiVXNlclR5cGUiOiIxIiwiT3JnSWQiOiIzZTE3NjE4Mi1iZWNhLTExZWYtYTI1Zi0wMjQyYWMxODAwMDIiLCJleHAiOjE3MzU5NDQ1ODcsImlzcyI6Ik1hdGNyb24ub25saW5lIiwiYXVkIjoiTWF0Y3Jvbi5vbmxpbmUifQ.1u5AEFLYVDHD6leBdcJiFn8naMjezEVco6HCLmX_2G0', 1),
                                                                                                                                                        ('67dd5f17-0d9f-4d1c-894c-dfeff8a814c3', '0bf389b4-e91b-45c0-bd2e-1d0c5920d08f', NULL, NULL, NULL, 'radhikabasak200433333@gmail.com', 0, 1, NULL, NULL, 1),
                                                                                                                                                        ('6ddee196-1956-47d5-b8d0-67191f88d716', '0bf389b4-e91b-45c0-bd2e-1d0c5920d08f', 'ONG_GOAT', 'LEE_GOAT', 'sWmCLg4VrFoszMP3QNXyY7UBAD0YOSj8Q0ZT7OvXRLw=', 'ongtan597@gmail.com', 3, 1, 'https://example.com/avatar.jpg', NULL, 1),
                                                                                                                                                        ('7897945f-77b2-4b24-8f1a-179a68a0a7f0', '3e176182-beca-11ef-a25f-0242ac180002', 'Joasdhn', 'Doeasd', '47967c40d33dd50155c726eb55e88b60c4878463ed206ed9b4247783d370e8f1', 'johndoe@example.com', 0, 1, NULL, 'eyJhbGciOiJIUzI1NiIsInR5cCI6IkpXVCJ9.eyJzdWIiOiI3ODk3OTQ1Zi03N2IyLTRiMjQtOGYxYS0xNzlhNjhhMGE3ZjAiLCJJZCI6Ijc4OTc5NDVmLTc3YjItNGIyNC04ZjFhLTE3OWE2OGEwYTdmMCIsIkVtYWlsIjoiam9obmRvZUBleGFtcGxlLmNvbSIsIlVzZXJUeXBlIjoiMSIsIk9yZ0lkIjoiM2UxNzYxODItYmVjYS0xMWVmLWEyNWYtMDI0MmFjMTgwMDAyIiwiT3JnVHlwZSI6IjAiLCJleHAiOjE3NDMzNTUxMjIsImlzcyI6Ik1hdGNyb24ub25saW5lIiwiYXVkIjoiTWF0Y3Jvbi5vbmxpbmUifQ.cnvjdFjbld9L7luLI6M2Eyl4jpcsBHPI8j1nARpyjIE', 1),
                                                                                                                                                        ('7d5cd85f-b10a-4260-a381-6d83202db956', '0bf389b4-e91b-45c0-bd2e-1d0c5920d08f', NULL, NULL, NULL, 'test999@example.com', 0, 1, NULL, NULL, 1),
                                                                                                                                                        ('9b9168a3-0ad4-43ac-9581-87b189ac57a2', '0bf389b4-e91b-45c0-bd2e-1d0c5920d08f', 'sani_testing', 'sani_testing', 'password', 'sanipanitesting@gmail.com', 1, 1, 'https://example.com/avatar.jpg', 'eyJhbGciOiJIUzI1NiIsInR5cCI6IkpXVCJ9.eyJzdWIiOiI5YjkxNjhhMy0wYWQ0LTQzYWMtOTU4MS04N2IxODlhYzU3YTIiLCJJZCI6IjliOTE2OGEzLTBhZDQtNDNhYy05NTgxLTg3YjE4OWFjNTdhMiIsIkVtYWlsIjoic2FuaXBhbml0ZXN0aW5nQGdtYWlsLmNvbSIsIlVzZXJUeXBlIjoiMSIsIk9yZ0lkIjoiMGJmMzg5YjQtZTkxYi00NWMwLWJkMmUtMWQwYzU5MjBkMDhmIiwiZXhwIjoxNzQyMDA1NTc2LCJpc3MiOiJNYXRjcm9uLm9ubGluZSIsImF1ZCI6Ik1hdGNyb24ub25saW5lIn0.npyXlDiFE34TyoF3FygygVjTmq3kIUrmgXVCX5F5M0Q', 1),
                                                                                                                                                        ('9c29d4fe-15f3-4354-91f3-5dbf9b6afb9b', '3e176182-beca-11ef-a25f-0242ac180002', 'Phili[ppp', 'sasasa', '47967c40d33dd50155c726eb55e88b60c4878463ed206ed9b4247783d370e8f1', 'ezneetcodeshare@gmail.com', 1, 1, 'https://ui-avatars.com/api/?name=Phili%5Bppp%20sasasa', 'eyJhbGciOiJIUzI1NiIsInR5cCI6IkpXVCJ9.eyJzdWIiOiI5YzI5ZDRmZS0xNWYzLTQzNTQtOTFmMy01ZGJmOWI2YWZiOWIiLCJJZCI6IjljMjlkNGZlLTE1ZjMtNDM1NC05MWYzLTVkYmY5YjZhZmI5YiIsIkVtYWlsIjoiZXpuZWV0Y29kZXNoYXJlQGdtYWlsLmNvbSIsIlVzZXJUeXBlIjoiMSIsIk9yZ0lkIjoiM2UxNzYxODItYmVjYS0xMWVmLWEyNWYtMDI0MmFjMTgwMDAyIiwiZXhwIjoxNzQyMDcyMzU5LCJpc3MiOiJNYXRjcm9uLm9ubGluZSIsImF1ZCI6Ik1hdGNyb24ub25saW5lIn0.7mVeii8ouR286WZnaBdi1DyqZGy0cvHq0DUmN33-iAE', 1),
                                                                                                                                                        ('a75a3c73-0849-4538-a9cd-276c989fff17', '0bf389b4-e91b-45c0-bd2e-1d0c5920d08f', '', '', '47967c40d33dd50155c726eb55e88b60c4878463ed206ed9b4247783d370e8f1', 'gmail@gmail.com', 0, 1, NULL, NULL, 1),
                                                                                                                                                        ('a95b08c5-5a9e-463b-b080-6fa2415c0c19', '0bf389b4-e91b-45c0-bd2e-1d0c5920d08f', 'testingRadhe', 'radhika', '47967c40d33dd50155c726eb55e88b60c4878463ed206ed9b4247783d370e8f1', 'test@debug.com', 1, 1, 'data:image/png;base64,iVBORw0KGgoAAAANSUhEUgAABAUAAAHDCAYAAABccKN6AAABVWlDQ1BJQ0MgUHJvZmlsZQAAKJFtkL9LQmEUhh9TEcokyrHIscIi1GhWhwgaLmpQQcP1ahaYfV1vVFtLW3sQBAX9CQ3RktSSQ1MQtbQ3RiBB2e1crezXgcN5vpeX8x1eaPPoShU9wHLJMlMTidDM7FzI94AbHz30M64bZRXXtCmx8Dl/Vu0GlzOvh51dVnDv7Srw6ElVY+fdle3qX/+Pas/ly4bMV+khQ5kWuAaEtXVLObwhHDTlKOEdhwtNPnA42+TjhieTSgpfCncZi3pO+FY4nP2mF77xcnHN+LjBud6fL02nZQake0kTIUaCKGOMSjb/e2MNb5IVFJuYLFFgEYsQcVEURfLCk5QwGCEsHJFtEcacjH9n19LmNYh2yFf3LU154SwDnSctbXBL3odwsat0U/9K1FXzlBeikSb7TfA+2/ZTH/hOoW7a9su+bdePwH0HldV3H3xhbfDHlb4AAABWZVhJZk1NACoAAAAIAAGHaQAEAAAAAQAAABoAAAAAAAOShgAHAAAAEgAAAESgAgAEAAAAAQAABAWgAwAEAAAAAQAAAcMAAAAAQVNDSUkAAABTY3JlZW5zaG90/0v5UQAAAddpVFh0WE1MOmNvbS5hZG9iZS54bXAAAAAAADx4OnhtcG1ldGEgeG1sbnM6eD0iYWRvYmU6bnM6bWV0YS8iIHg6eG1wdGs9IlhNUCBDb3JlIDYuMC4wIj4KICAgPHJkZjpSREYgeG1sbnM6cmRmPSJodHRwOi8vd3d3LnczLm9yZy8xOTk5LzAyLzIyLXJkZi1zeW50YXgtbnMjIj4KICAgICAgPHJkZjpEZXNjcmlwdGlvbiByZGY6YWJvdXQ9IiIKICAgICAgICAgICAgeG1sbnM6ZXhpZj0iaHR0cDovL25zLmFkb2JlLmNvbS9leGlmLzEuMC8iPgogICAgICAgICA8ZXhpZjpQaXhlbFlEaW1lbnNpb24+NDUxPC9leGlmOlBpeGVsWURpbWVuc2lvbj4KICAgICAgICAgPGV4aWY6UGl4ZWxYRGltZW5zaW9uPjEwMjk8L2V4aWY6UGl4ZWxYRGltZW5zaW9uPgogICAgICAgICA8ZXhpZjpVc2VyQ29tbWVudD5TY3JlZW5zaG90PC9leGlmOlVzZXJDb21tZW50PgogICAgICA8L3JkZjpEZXNjcmlwdGlvbj4KICAgPC9yZGY6UkRGPgo8L3g6eG1wbWV0YT4KPDsYqAAAQABJREFUeAHs3Qec1EQbx/GHYkVQsYEUsYJYEARRULChYgEUECwo9v7aFXvDrtiwYe+CDaWIIqKIiKhYQCygIqIgYKFIE7h3/gMTc3t7t3vcLtze/YYPt9lkMpl8k91NnkwmFfJcMhICCCCAAAIIIIAAAggggAACCJRKgR8mT7Ot69XMSt0qZqVUCkUAAQQQQAABBBBAAAEEEEAAgVIvQFCg1G8iKogAAggggAACCCCAAAIIIIBAdgQICmTHlVIRQAABBBBAAAEEEEAAAQQQKPUCBAVK/SaigggggAACCCCAAAIIIIAAAghkR4CgQHZcKRUBBBBAAAEEEEAAAQQQQACBUi9AUKDUbyIqiAACCCCAAAIIIIAAAggggEB2BAgKZMeVUhFAAAEEEEAAAQQQQAABBBAo9QIEBUr9JqKCCCCAAAIIIIAAAggggAACCGRHgKBAdlwpFQEEEEAAAQQQQAABBBBAAIFSL0BQoNRvIiqIAAIIIIAAAggggAACCCCAQHYECApkx5VSEUAAAQQQQAABBBBAAAEEECj1AgQFSv0mooIIIIAAAggggAACCCCAAAIIZEeAoEB2XCkVAQQQQAABBBBAAAEEEEAAgVIvQFCg1G8iKogAAggggAACCCCAAAIIIIBAdgQICmTHlVIRQAABBBBAAAEEEEAAAQQQKPUCBAVK/SaigggggAACCCCAAAIIIIAAAghkR4CgQHZcKRUBBBBAAAEEEEAAAQQQQACBUi9AUKDUbyIqiAACCCCAAAIIIIAAAggggEB2BAgKZMeVUhFAAAEEEEAAAQQQQAABBBAo9QIEBUr9JqKCCCCAAAIIIIAAAggggAACCGRHgKBAdlwpFQEEEEAAAQQQQAABBBBAAIFSL0BQoNRvIiqIAAIIIIAAAggggAACCCCAQHYECApkx5VSEUAAAQQQQAABBBBAAAEEECj1AgQFSv0mooIIIIAAAggggAACCCCAAAIIZEegcnaKpVQEVo3AkiVLbemypVahQgVbc401/EKTjVs1tUl/KXl5eb7OyeZYtHixTZz0o623XhWrU2tzq1SpkhWVP1kZxRn375IltmzZMqtUsZJVrlypOLOSFwEEEEAAAQQQQAABBHJcgJYCOb4By3v1r77xdttsq51t0y13sukzZnqOZONKi9MnY7+0bXdpaXW2b2ofjPo4X7V+njLVTjn7Ir8+ex7QwXZp0cZefPl1e+CRJ31+vZ/1x5/55snEm8OPOtEvc/umrTJRHGUggAACCCCAAAIIIIBADgnQUqAUbqzxE761x5950deswXbb2qknHFOglov//deuvP5WW+Ku8ipdf8XF/spygYwZGDHknffs7WHv+ZJuuqaHrb322hkoNQtFuKvvBVKycQUyrboRIz/62GbO+sMvUK57tWgeLbznbXfbS/0HRu/VUqDyGpXtjcFv27x5//j/n3z2hbU9YN8oTyYHFixcGBX35tvv2tDhI/z7Lh3bW/OmjaNpDCCAAAIIIIAAAggggEDZESAoUAq35ZZb1LV+rw3wJ4GqXts2+1id2pvnq+nLrw20Pk8868cdfljbrAUEtIDvvp8UBSnuuPHqfPXgTfEEDtxvbxsweKitu+461rH9wdHMChSEgMDmNWvY6HcHWLWqVf30yu72gb9nz7FtttrS9mjeNJonmwOjPxkbbfPmzZoQFMgmNmUjgAACCCCAAAIIILAaBbh9YDXiF7boKlXWtcsvPCea3Pvhx6NhDeie+dvufiAad1ksbzQygwObbLyRL02vFSuyy5SEtmGD7ezdQS/ZwJeetiaNdoqKmvfPP9HwoQftHwUENLJj+0NckGCgPfvofbbB+tWifAwggAACCCCAAAIIIIAAAiUVoKVASQWzNH/3Y7rYTXfe51sLPOxaBJx/zmlWY9NN/NL6Dxxik6f84oeP7drRtttmq6gWc+fOM923rlsQdmzYwJo1aWRVq64XTdeArkr/8utvftw2W9XLdwI6f/4C+3biJD9NndwpELDRRhtG7zWgoMRXX0/w42putqnVrLGZfetaE3zqlqur3Pu2bumn6c9C1yT908+/sq/GT7Bam9e0nXbY3raqVzeaXtiA6vi962zvx59+tj//+tu3lGi00w629ZZbFDZL2uN/cGXOnjPH55dR6KAwFPDj5CnuyvzsAtOXLl1qX3/zvX386Vir6pr2199uG9vF1UmdHIb062/T7PeZs/xbTVu0aLG998Eo3xfAAfvvbWtUrmwTf/jJT6+/7da+xYC21a+/TQ9FmAIEY78c599vVW8LX5ffZ8zyAZnGO+9YoDPAv/6ebaNGf2JTpv5q22y9pSnPxhtVj8qLD6jfguGuPjXcdmvdcndbZ53kt4LE10kdEJIQQAABBBBAAAEEEECgbAoQFCil21XNy6+8+Fzrcc1NvoYPPfq0XXv5haYT01t63RfV+uL/neGHdaJ+/mXX2DMvvBxNCwOnnnCs3XLd5dFV/jeHvmv/u/gqP/mNvk9aK3dyGJJOxPc9pLN/2/OqS+3s006ITjBr1NjUj9cJc8hz2QVn+xPRk8660E9TkOHTEUP8cK/efez6W3r54fif/51xkl3h1m2tNdeMj/bDOlk/64IrbOCQoQWmaUS3ozrZXTdfV+DEOGnmQkb2efwZU6BFqe9TD5ma9MfTEUefFAVdpk38wsw91UAn9seeck50S0fI32afVnbfHT39SbbG3f/IU75jQA1P/nqMHdKpmwskfKe39nSfe10P/xXtmJPP9u+ffOhuU8uBYOlHuj/P93vN/9f7Fx5/wD74aExU5refjYiWpacUqGNC9TkQT+qL4I6eV1nXTh2i0eqD4qjuZ9iw90dG4zTw/GP353sf3sQDSSqPhAACCCCAAAIIIIAAAmVTgLbgpXi7Hn/0kf5Kvap49wOP2B9//mUD3hxqk36c7Gutk/0t6tb2j5OLBwTq1a1jnTscanpVUt8DCi7osXYrkzbbZBNfVoNttykw+2zXMuHcSwv2M/DIk89FAYHd3T3p3Y85Mur34N4HH4tOchMLnPXHX1FAQK0UFLBQ64OQFPR48NGnwtuVem13yIHRfG+5zv7iSVfxQyuMLke081fS1fKig+uhX539yVTuwVad8Z1xfo94EdGwDEJAIBqZMKDHDeqkO/HEO4zTrSTJkoJAp597aRQQUL8SHQ49yGdVPU8/r4epX4CQ1CllCAio7EMPamMNXEuHU8+9xL4Y93XIFr2uX215fwYasX5CS5MoEwMIIIAAAggggAACCCCQ8wIEBUrxJlTT7ovPPTOqoU7ub+nVO3p//lmn+OFBbw2LWgjo5HDM+4Ptkd53+M7q1EmhkuYdPmKUHy7un9q1atoXo4ba1T3OLzCrHpe3jnsawcP33Orve7/71uvtt2nT7eIrb/B5Dz5wPxv8yrOm8d999oHrLK+eH3/dzb1szty5Bcpbe601fceKwwb2s4lffGhqyfD1mOH5rmi/MfitAvMVZ0Tzpk2ik3B16KjWFyENe++DMBidZOtqvJKCFCPf7m+33XClffbBEN9qQePlmvh4QY2/8fZ7fJ4hrz1vwwe/7Jv1a3w86XaIqd9+Zh+89Vo0+kJ3q4jG6X+8FUeUwQ3I4LUBb/pReiLEEw/eZWp58NkH/9lct6KVxncTf4g6pfSdGA5b3j/BqHfesK7uyQIKIiSmeEuBarEAQWI+3iOAAAIIIIAAAggggEBuCxAUKOXbr5vrM0Ano0q33nW/v3dfw+eecbK/l1/DH435TC8+3XDlJdE98np0YM+r/7uKrXvhs5Fef/EJ02PrdOV5zz12830IhOUcd1Tn6LYFXfU+0l19D0n39icm9TvwwhMP2q677BxN0v3te+/VInL4xvVfUJJUuXIlO/bII3wROiEe++X4qLiBQ96JhrVM9Q8QWg4c1blDFEzQFX6dUIc07utvwmD0qtYa9952g6mlhO7zT3yCRJRxJQY+jrUCiJsqyKBtoPTRx5/6ViTx1gqXnn+mKcijpE4jTz7+aD+c+Gf9atWiUeEpCNEIBhBAAAEEEEAAAQQQQKDMCNCnQCnflGotcMl5Z0ZX3kN1zzn9xDBoH44e44cVPAgnfGGiThLVXFwnvyNGfWyZflKBTnh1X3w8jfns8+jtI66FwrMvvhK9VyuCkNTpnU6WkyU1jx/89jDr9+oA3+lefL5kV7aTlVHUuHaHHGAPub4FlN4e9p7vkFGP/Rvp7t9X0gm/7N8f+ZF/rz9vD3vfdXw4JXr/r7tPP6TJbl0S0zFdjsjXCWHi9JK8H+k6FgzpvEuvCYP+VR0lhjTDBTXGT/guvLWmjRtFwxpQZ4fab9SxYzxVq/pfPwLxVgPxPAwjgAACCCCAAAIIIIBA7gsQFMiBbajWAnoEYThx6+E694v3Lh+uuG9UfflTAhJXSU8tmOSCApNW9HqfOL0k7xMDAipryi+/RkWG+9ijEbEBPekgWRrx4WjfEWK4Qq88Cj6Mdx32ZSIgoPJ227VJdDKsZvjq+FCdCYbUfkW/A+EpDRqvJyzof7I0d968AqPjT4UoMLGEI+JX/wvrlFGLmL9gob+dIywu8ZGGaoXRtPHO9ubQ4SGLf12vynrR+/Wq/BcgiEYygAACCCCAAAIIIIAAAmVCgKBADmxG3QbQ+fDDos75Qodyoep69J2ucE91j8NLlkLHhDr5S0wL3CMD40mP/ytOquwesZeYttziv0cODnr5meg2h8R8m694mkF8vDpTPPqks6JO/e7vdZOpDwA1+e/c7VRTx36ZSCqvY7uDfWsB+SiwMiR2YrxPqxZ+MXXr1IoWd9Wl55v6bEiWNtxg/QKj1Tw/W6nRTg3ty3ETfCuQEUNeK3QxW25RJ3pagTLNcC0CdItGPOlxh4lp0002Mj1ZYa211irRkx4Sy+U9AggggAACCCCAAAIIlC6Bgmd0pat+1GaFgJ5vH1LiyeZuuzb2QQFdRf/08y/zNREf9fF/zcz32K2pL0IneiGNHjM23yP54k3/Q57ivsavkH/2+VemRxCmm9RhX2gNcNlF51jL3Zv5WZctW2YfffJf3wnplldUPrUGCLcQDHJ9CQx8a3l/Arp1QIEYpW222jIqYsynn5s6d0z0jzKswoHtt9vWBwVkpUBKsyb5bwuIV6XW5v89vUG3QMRv2dBtGWO/HBfP7odrbLapvfjkgwXGMwIBBBBAAAEEEEAAAQTKlkD2LmWWLadSvTatWjaP6nf2hVeYHqun9M13E30z/DAx9GRfZ0VHcxrf99U3TIGDf5cssSHu8XzxpxuE+Yr72mbf1lGHfFffeLtdft0tvmn+wkWLbNHixf5k9gr3iDwtMzEtcnlC+sFdwddjFBUQuN3dPhGCBWF6SV93a9o46rxQ9Qzlx1ti6Er7Hs2XB1Pecn0PHHvKOdZ/4BD76+/Z/qkFusXhngceTfnowZLWNXF+dXoY0tEnnml33PuQffHV197qn3/m27vvf+gfY6k8++29V8hqN995n2k9ZDp9xkz/6MJoYmxAebbYYTdrsGurVb5usWowiAACCCCAAAIIIIAAAlkWICiQZeBVUbx6yb/u8ov8onTPe7PWbW2D2g1sj/0Os3DrgB4ZuMvOO/g8jXfeKToZ1pXigzt2s03q7Whdu5+ekY4I1fT8HvcIwpD02MIOR51oNbZuZJtttbO1bnuE3d/niXyPAgx5G7lbIUJSPwrbNd7T6jZsZve5/Pu13jNMysirniDQyT0hIDHtvdce0Si1Cuh9x43R+8Hu8Y/dTz/PttyxuW20xQ62S4s2ds1Nd/ir9VGmVTDQes897MRuXf2S1NdEz9vutr0P7mjV6za0WvWb2BHHnBTdDrFVvbr5npTQ5fjTfb4GTfby/Q3oNoHE9Pqgt3yQRGW/M/y/xzQm5uM9AggggAACCCCAAAII5LYAQYEc2X7qEC6kZPfxn3vmyXbLdZeb7jWPJzUr73Pf7f6RgWG8etXXM+3Dow41XsMKLKhTw1QpnebzHdsfYsMG9iu0WbtOaOO3RIRl6rGGD/S62TXbr+dH6aRUT1B44fEHrL6bpqSnKYQUd3Fd/fvRycaF/Imv7Q8+IN8oXYEPtw6ECVr+N5++b11ij1MM0/Tats0+tlW9LfyoVMuO28XzVqpYKSoycfvG84V1VOY7b7rGHrv/Ttu85n+3B4RCtD3jAY97br/Bjk3Ytuo3od/TfSyx80GV0WLFrSYabtwo+RMiNI2EAAIIIIAAAggggAACuS1QwTXPzsvtVaD2iQJ6tJ5uIWjgHjdX1OPk1JT/pxWPr9Oj6fKdfCYWWoL3C1wP+GpmP881a1fngpttumlandep1YNOWHV/e2lJelTilKm/mh71t+kmG7sT8s1s7VgfDaurnrqdQcYV3D/1IaCnUyTbnrpF4tuJk3xfCcmCAfH6T5v+u+9osPqGG8RHM4wAAggggAACCCCAAAKrWOCHydNs63r5OwzPVBUICmRKknIQQAABBBBAAAEEEEAAAQQQyIJANoMC3D6QhQ1GkQgggAACCCCAAAIIIIAAAgjkggBBgVzYStQRAQQQQAABBBBAAAEEEEAAgSwIEBTIAipFIoAAAggggAACCCCAAAIIIJALAgQFcmErUUcEEEAAAQQQQAABBBBAAAEEsiBAUCALqBSJAAIIIIAAAggggAACCCCAQC4IEBTIha1EHRFAAAEEEEAAAQQQQAABBBDIggBBgSygUiQCCCCAAAIIIIAAAggggAACuSBAUCAXthJ1RAABBBBAAAEEEEAAAQQQQCALAgQFsoBKkQgggAACCCCAAAIIIIAAAgjkggBBgVzYStQRAQQQQAABBBBAAAEEEEAAgSwIEBTIAipFIoAAAggggAACCCCAAAIIIJALAgQFcmErUUcEEEAAAQQQQAABBBBAAAEEsiBAUCALqBSJAAIIIIAAAggggAACCCCAQC4IEBTIha1EHRFAAAEEEEAAAQQQQAABBBDIggBBgSygUiQCCCCAAAIIIIAAAggggAACuSBAUCAXthJ1RAABBBBAAAEEEEAAAQQQQCALAgQFsoBKkQgggAACCCCAAAIIIIAAAgjkggBBgVzYStQRAQQQQAABBBBAAAEEEEAAgSwIEBTIAipFIoAAAggggAACCCCAAAIIIJALAgQFcmErUUcEEEAAAQQQQAABBBBAAAEEsiBAUCALqBSJAAIIIIAAAggggAACCCCAQC4IEBTIha1EHRFAAAEEEEAAAQQQQAABBBDIggBBgSygUiQCCCCAAAIIIIAAAggggAACuSBAUCAXthJ1RAABBBBAAAEEEEAAAQQQQCALAgQFsoBKkQgggAACCCCAAAIIIIAAAgjkggBBgVzYStQRAQQQQAABBBBAAAEEEEAAgSwIEBTIAipFIoAAAggggAACCCCAAAIIIJALAgQFcmErUUcEEEAAAQQQQAABBBBAAAEEsiBAUCALqBSJAAIIIIAAAggggAACCCCAQC4IEBTIha1EHRFAAAEEEEAAAQQQQAABBBDIggBBgSygUiQCCCCAAAIIIIAAAggggAACuSBAUCAXthJ1RAABBBBAAAEEEEAAAQQQQCALAgQFsoBKkQgggAACCCCAAAIIIIAAAgjkggBBgVzYStQRAQQQQAABBBBAAAEEEEAAgSwIEBTIAipFIoAAAggggAACCCCAAAIIIJALAgQFcmErUUcEEEAAAQQQQAABBBBAAAEEsiBAUCALqBSJAAIIIIAAAggggAACCCCAQC4IEBTIha1EHRFAAAEEEEAAAQQQQAABBBDIggBBgSygUiQCCCCAAAIIIIAAAggggAACuSBAUCAXthJ1RAABBBBAAAEEEEAAAQQQQCALAgQFsoCazSK//X6SDXnnPVuwYGE2F1Nk2Yv//de+HDfBli1bVmS+8jzxl6m/2fTfZ5Q7gvnzF9hX479ZbevNvrna6MvNgvW9N2/eP/nWd+nSpTZ6zGc24sPRfvzcufMsLy8vX55MvVm4aJEtWrw4U8WlVU6mP9dz5s5Na7mZypTO90Ky7Zqp5Re3nB9++tl+nzmruLP5/KvadqUqWcRMWu833343rd/P+DZLZxsXsdikk0rD8VbSijESAQQQyIIAQYEsoGaiSB2Effr5l/mKuvSqnnbYkcfbiy/3t2mr8YRz1qw/rHXbI2z2nFV7YJcPo5S/uev+Pta7zxOlvJaZr94330+0VgcdntGCPxn7pf09e05U5kcff2r/LlkSvY8PsG/GNUo2/Nu06aaTE1J+gfseetwaNG0VnfTrxKRlm/Z2Xo9r7JkXXvb7Zp3tm9pjT7+Qf8aVeJfsd+CYE8+y0/53yUqUtvKzZPJz/dkXX1nd7ZvZ1998t/IVSjHnhG+/t1l//BnlSud7IXG7RjOvhoHLr73ZXn19ULGXvCpsi12pYszQf+AQq994T3uu32v22edfpZwzvs3S2cYpC4xlKMnxVrLPbaxoBhEoUoD9p0geJmZRoHIWy6boEgiMm/CtHdjhKPt76re+lIULF9rDTzxrb/R90lq13L0EJTMrArkjoKuibdp1sZ5XXWpnn3aCPxFr2/FY+3HcaKu+4Qa5syI5WNNXXh9s02fMtBuvvjQHa5+9Kh928AFWp/bmVqFCBb8QBa10RfHX78ZalSrr+nGP9r7TmjbZucSVmPDd93buJVfbh0Nfj8q68H+nWcWKlaL3uTZQf5ut7b7be9qWW9TNWtWvufEOO7FbV2t7wL5pLyNxu6Y9YynKuCpss7m6Tz3fzy674Gy71P1PJ2Vrm5X0eCvZ5zad9SEPAhJg/2E/WF0CBAVWl3wxlzvvn/l+ju222aqYc5IdgdwVWHuttazDoQdFAYCpv07L3ZXJsZpP+nGyrbdelRyrdfaru1W9uqb/IekKZb26daKAgMZ36nBImFyi1x8nTykwf4vmzQqMy6UR2qe6HdUpa1XWbRtfu5YCxU2J27W485eG/Nm2zfY6Tps+w+pvt03ai8nWNivp8Vayz23aK0XGci/A/lPud4HVBsDtA6uNPv0FK3revusJfoYu3U+3fQ/pnK9p5G13P2A333lfvgJ1z6muqOoqlpLu0et4zMm2Qe0GdvjRJ9qgIe/ky39o5+MKNOe8tVdve/K5fvnyFfamqPLVvLZX7z62S4s2fvl6vfH2e6J+EZYsWWpa1u77Hmq1G+xqp597qf319+wCi0pnPb/5bqKddNaFvhw16b37gUeiZr4qMNV6qsmprkxP/OEnO+fiK305n381Pl9d3vtglJ1xfg/v1f3083yeo044I+m99AOHDPXbYdtdWtr1t9yVrxm8Dl7vffAxfyuG1vuEM843NXsNKdlytNzvJ/0YsvjXl/sP8svQtu3c7VTf30O+DEnepLvssV+O8/uN6q/tlJjUXFq3kqj+F1x2rc2enf+WklTLCd462b/oiutNy9H++e77H/pF6d7sL7762g5qs489/cJLduDhR/vxyqPPQbL9RBk0/sLLrytQnqaN/mSsHX3SWX5aqHfoB2HI0OHW5fjT8+0zmkd1e+LZvhq0me4kUPuG6qp9+aY77k3av4b6/dA+Kx9tm4Nc3fs88Vw+R7WE0GdB+6ry6DOre2OV1C/FeZdebQ2b7e19r7zhVj9ef4ra5tp35aPy9F+fe91yoaT7jc++6Apfd01T3Z598RU/LfxRvVUPfe/0e/UN79z74eW3wmj+S9xtTKqT/stl9pz/bu0IZbw17D2/L2r7x5Oa5IZm9anKuvamO/2tUvH59T2jK+ch6fM38qMxdutd9/t1euTJ58IkK+m2DPtm4neBPpeh+b7W/2K3TpOn/OKdVB8lvY76+JOoLoVty+ddM2lZaz/UvqTv8XAvucrWZ0rN7LWv6/tB6Z4HHrWHHns6KjuVo/LLRd/5Wlay76KosBUDqT7XylbYPqhtoe/zeNJ+rmWreXtwVb1D0vLadenu91f9DqjlhVK6n7VQjsrf++COpltfLnNN8OUW+nlQnqK+F+LbVXnVd0/47Gr76Lt3yi+/alKBVNj2TfX9p4JUV/3maRn6jhj81rAC5Wu9jj35HO+jdXqlkFsLEm2L+i4IC5k2/XfvlLhu2jf1XaGUaj1efWOw9bj6xlCkf9V3uuoa+r8I+6Hqru+7sD8rs35nlFfbXZ97DWt7FPVdrfkSt5nGhVTUuhdVbmHHW+kepxT2uVW9ijpOCvXWa67+dqjuOhZK3If1HaZ9+58VF7eKctB20/ZPTDq20edAqah9SdOz6VfSumufTTx+jB/XFbX/aN1ICGRVwH3Zk0qhgPvRylu/Vn1fs99nzMobPuJD/37YeyPzXCd/ee7EIar1G4PfzqtVv0negoULo3FD3hkejQvD7os6zx005L0+6C1flvtyi/JrWVpmPLkD3zx3whMf5Yd//W2an//Pv/7271OV7+4T9HVxJyZ5f8+enTd+wrd57mAjz53c+vkvvvKGvH0O7pTnvizzxn39Td6Rx52W526dKLDcVOv5089T8rZp1CLP3c+f5w4m88Z89kVeoz32z7u65+1RWanWM6zbEUeflPfw48/6MmQWTy/3H5i3fdPWecojM3dQl3d+j2v8srWtlPRe63TqORfnuR/EPG03zfPoU89HRbkmrnnN9zkkz5305rkDszx3MO3L+HHyzz5PWE7X7qfnyU7bvcNRJ+Qdf9q5URmvDXjTz/PiK6/naf21rtoXXJ8TUZ5kA+ksW3YHHXFMnpYxavQneS64k68od3Dn9wPV0zUzz3vptYF5u+51oB8XMqZaTvDWOmo/cfew5/W45ia/Dv/+uyTP3VvnfVWenN9+931f/vsjP/IeyhNPoTxtm2TlKe/l192S91zfV/N+njLVl6H9XNtKSW7aR9zBh3+vP9qXNE7bSfVRXs3jAji+PlrnW+68L8ofBr6b+IPPp7JUd3lp22gdlNzBst/XVd4Hoz7Om/zzL77OWifl1/7iDhZ8HV2wK2/o8BF+vlTbXPWRoSy0X2n7XHdzLz+vPmuHdOqWp/L++PMvv9xup5zjp4U/2s7a1zT+5LMu9MNTf/3Nf79of3AnvHnuJMh/fpVHn9UFCxaE2f1rcHT9okTjtTw5uhOAtMo65qSz/Wc5KsANuJPHfN8N2ke1PlovfRZd64Yoe6jDym7L+L4U/y6QZ4v92/nl6DvMHaD6bSUzuSqpXuH7taht2enYU/x21XbSd7z2BXdS5MvQZ+HO+x72ZcXL1nfLFdff4vPoOz/VNlF+bSPts4V9F/nCVvxJ53Nd1D6Y7HtaFtr3XXDA75faD8Lvh9ZR0/S75E5MvYfMivNZC/V3ASq/v+p3oPfDj/thFwiIllnU90J8u2p7qI4vvPSar6e+k3v1fth/x4Vlhdeitm+q7z+to+uDxX8PaN/RNj/qxDP9d/oDjzzpF6F9TD5y0neEPgOqm/aXxBT22WBb1HdBfF7lc/fnx0f5et3f5wk/LtV66PMh23hSvVVPraOS9kPtq8qnun/+5fgou/JoH9d3npw1rO1W1He1Zo5vs+Kse1HlFna8le5xSmGf21THSRGGG8jV3w6tgwv8+v05vj7af/Qbr5TKQdte+01i0mc67PNF7UuaL1t+mai79lnt54Ud1xW2/yR68L78Ckz66besrbwiwKRSKBAPCqh64cREByuJST+o+hINB6GargPAS9yBstL+hx3pD5r9mxV/dMARToQ0SvOvbFAgVfk6IdGBTrKkIIGW7a72RZMVNNA4HWzFU6r1dFdc/UlpfB4deKisOXPm+tGp1jMcWLgr+PFi8g3rS13lhBMATXQRcD9OB2xK+tHSF78OgkNSgMV1FOnfut7LfX4dXMeTfiiuv2X5CVxYjn4kQtKPopYdDrR0QKlgQkg6odQBpA7sC0vFWbZO4ApL2n9uv+fBfJO136l+SuksJ3jrJD0kbSuVoUBIYtI+oWk6wUyWQnnu6nc0uajylCmcAOhAQklBKR00hvTkc3198EbvQ1BC6xZSnyee9Sdu4X1Rrzqw1Im2kgIBWhd9thPTLb16+xO5xKCH8hW1zV3LCl+mDqySJW2zhx5/JtmkAuPcVep8DmHfi38HaT/U/qagV2LSwX84edU0fTZ08qGUTlnpBgV0Yl1YKsm2DPtS4ndB/EREyx345tAC2z8eFChqWybWW4EsHfy6pxn4SfochwBEyKvvluCajqPyqz6FfReFcsNrqs+18hW1DypApH1CQeiQtM/rZEEpuOrENXynh4BXyK/XknzWtL7x5YdlFvW9EN+uqo/WYcmSJfEqJR0ubPum8/2nz42Wo2BGSAps6XshBAV0QqXAVzwpGKfPZ2IK6ynbVN8F8Xnvvv+RfPtZOKHXZz2d9Ug3KKB1Db/F8eWHYQXJE38TwzS9Jn5Xx7fZyq57snITj7eKc5yi8pJ9blMdJ2m+olKu/HboYkz8d02fIX2nKeinlMoh3aBAqn0p0TITfpmoezrHdcn2n8T14X35FchmUIA+BbLaDmPVFL7OOmv7ezTdF4lvZu0OtMxdObZhA/uZOszRLQSXnH9WvsrssVtT37xSzaw0/8qmdMpv1bK5u33gYd9ke49mu1qjnRraHs2b2hqVK9u4r5d3pKgmwC4o4auh2w2UvvluktWssZkf1p+i1lPTR7km0oe1PUCDUdpphwZ+WLcAFKeDRjVXLyptsvFG1iB27+O6665jB+63t3319TfRbAe7Tq7WWnPN6H2jHRta31fe8O+/GPe1f917rxbRdA2oju7HMxqne5Xj9y/vtMP2ftpff//tXjfwtwponLuKFM1TrWpV3+T4iHYHR+PiA+kuW+vYeOcd47NGw2ririafiZ3QyU37nlK6y1HefVu31ItPVauu521/dc1qVzbtt/ee0azJylMHem8Mets++exz16nPRJ9Xj5BUnx1Hde5g7gDCrrv8IqtcuZJbnzfs2C4dfZ6xX4yzzWvWMHdiHZWvpuP67w6ek96D//Gnn5s72fPbRGY7bl/fz/uRe4SdtvfGG1WPygoDLmBg++/Tyi8/jNOrPq/uoMmK2ua7N2tiHY892bp0bOfz6TNXt04tX8wB+7U2NeF3gTdr0mgn/1+fx3SSO9jz+WtstmmUXZ/JvfbYzTvGt6EyHOmWf+X1t3rHSpUqWb/XBlj3Y7r4eYtbVrTAJAPtXMd/haWSbMtQZqrvgpCvsNfCtmXIr32n78uv+8/Ll+5xnu6ExN9Cov40UqV0HfffZ69Cv4viy0jnc53OPti1Y3u/vdXRnz4XL/Uf6H+P4svS8OdfjfOj9nT7UGJamc9aYhmJ71N9L4T8O++w/DOx76Gd7eA2+9rO7rtbv1kbrF8tZIleC9u+6Xz/fTn+a/+Z0nd2SFtvuYVts1W98NY+dt9RlSpWzPcdr6expOpfRf0LFPVdEC3ADajflmtuusPfmqbvQP0G6fdMn/UPRy+/DSbVb1W8vMKGDzlgP9P3cXFSUd/VhZWTzroXp9ziHKckq1M6x0nJjsNy8bejaeOd/W/k4LeH2XFHdbYx7vfPtWiyA/ZtldbxaDK/ZOPS2Zcy6ZfONkxWz2TjijquW2edGslmYRwCq0SAPgVWCXP2F9Kp/SH+wEv3bLkrLP6gYtdddjZ3pdEvvIo7aY2ncJ/f4n8Xx0fnG9Z9oKlSOuXrYGLEkNesaeNGpi9p3c+91wEd/L2G/8xf3oFizRqb2qbuJFT/a2y6ie+detuttyyw+MLWUxkVDNHJeTyFR9eF9Y1PC8PJ1jPZiVrIH15dnDIM+lcdiLioeDRu7bXzH9RXdAd2IelHUikeNNB71TNM0/vQm7mGleJlhHXauHr1yE5+6r35IHcgW1gK5ada9qabbFxYEbZ0Rf8CS1cEcELGeH3TXY7mXSvhBEgnkSVJRZWn+xubtjrIn5DoxPW15x/PdzKvg2GdmH04eow/8HYtFqxj++UBFr+PuRPhsK/qdbcmu/j9NVmdda/gWRdcZpu74NZtN1xpV1z0v2i1dJCxuJDnzWs58X0pzJTONn/l2Uetp3tiwNKly8xdbbSd99jP+rq+AZQuOe9Me+mZPr7+7oqcv2da962nkxYuXFTg86X5Fi/+1+2zBb8r2roAkRw//nSsuSt8/t7u4FjcskL9wvqH93pV8KqwlIltmc53QWHL1/jCtqWmqT+HPd134XwX7LngnNPtiQfv0ui0U7qORX0XxReWzuc6bIOivnc6H36Yaf9SvwHqX0Inufo9SkwLFy7//Vmy4ncqPr24n7X4vIUNF/W9EJ9n0002sk/eG+yDgb/8Ns0udP077Nh8HxeoXh5AjOctbPum8/23aNHipI9XjQcJ5rvfyGrVqub7zunc4VC3v5war0bS4aK+C+IzbFG3tg8ghIC0HnusgJpSOusRLysM/7uib5TwXq+bONfipFTf1UWVVdS6F7fc4h6nJNYrneOkxHly9bdDT2U5znUk2u/VAX6VXnH9TShIuPbaa5foeDTsh8Ep1b6Uab+V2Yahrol1jx8nKU/8uC7MwysCq0OAlgKrQz0Ly2y5+27+4Ng1e/RXaLp17eSXoqi8DsjeHzna4r1Wv/v+SD9+/WrLr3zo6ucPP0625k0bR7XTVaj6224dvU82kG75O++4vbvasvwqt67INti1lbmm/e4q+Ba+2N12bZzvynuyZWlcYeupac2aNLJh731gF597ht76NNpdjVVqtOMO/nVl19PPHPujkx0dIDZssJ0fq06IdPCrR+elk8IVf50wxa/AqHM0XdlNJ+mqlQIROqArTm/emVi2rmpov3pn+AcWv8oXOghU/TOxnMIcEgMyheVLNr7nbXf7g5Q7blzeYZ1OWHU1MySt2/FHH2kvu5Y327vWIPu13jNqsaJ11hWmY7ockfKHXB0kvvBSf/t6zHCrtXlNX3y8IzydJKmFh7slwl9ZCcvX6+677eo62XvdeiQ8miudba4Dji5HtPP/VZY6XHO3Z/j3Ovho41og6L+SOsJUB2Y3X3d5gQCVpsedd9l5B9/iJ94iQh1BDnPfJd2PXd4CQPOEpBObji5Y+eobb9q27upj3DGdsjbccP0CnWqGq69hGaleS7It/1JjnAykwralgpE9rr3Jet9xo79Sq0Wpw7bE5G4lSBwVvU/HMcqcxkA6n+t09sHddt3FP5HhTfd91t8FB47t2jHp0kMrFQWyE1s2Feezlqzw+L6bbHqqcWqldkr3Y3w2tV7b68DDbbDr6HL7+tvmm7Ww7ZvO95/Kcrcf+A5oQyuEGTP/8K2wOh9+qF9Og2238S1HivMdHypY1HdByBNeu3bqYK4fBndFt7X/jlNATSmd9Vh//aq+lZzMw6M6x7vga0lTqu/qosovat2LW25xj1NUr/jnNt3jpLA+uf7boZYn2q/VCkotBxV4V0rHYf1qc3xe9cAfWkmqI8/4b7TPUMSfbPitqrqH1YrvP2EcrwhkW+C/S5fZXhLlZ1VAzZwV2Vev1Or5Nf5ILJ3APOOuSOkLWsl1SOffh6a8Gqcv8Wf6vhI1XXX3ivurPJqWKqUqX71Uq/l06L3+5xU9OOvqqVoD6GRBTwyIP4ZFV2fdfeMFFl3UerY/9EB/C4J6d1VSq4n7+zzpm0Hqyo9SSdbTFxD707vPE1HPyk88+6L/0dp7rz1iOQof3Mxdhd+nVQt78NGn/ZVE5dQJtW6hOLyQZv/JSrvof6fbVT1vc0Gfj6Ie8OWoKyFK2o5hOMyfqWXrIP65fq9G283dh2pD3cF9SJlaTihPrxusv75/G5q0xqelO7xelSruKQlz/EGbrnre5Hp8T0xdOh5m7h54e/yZF93n6vBosp6LvY674nHGeT2iXvfV5FrBnMQUWq3MnjPXT9K21UlSSC12b+aDAXoqhU6uldQkWAcDR7Rr6z+vCiJEn5spU32eora5Dsr1xILQtFitEdy9tj5wpJnVM7zr/M+f7OtEZ/LPU30dEluNKG/tWjV9a4nQkqaFaz6tq/L3u9YHmlf/NaxxLd26JEu6YqyDwiec49FH/ueYTllt99/HXKd15vp68PVVwDOZc7LlxsdlYlvGyyvucGHbsnKlyn5fcvd/+yIVLHX9U+QrXsEk9ciuwFGylI5jsvmKGpfqc615i9oHNV0nhvpd0NNVtM93bHeIRhdIG1Xf0A49qI3d8+Cj0e+TWheoeXyqz5oO/NULebK0Zb069oG7JU376MokfWcqYBdORLSNZsyc5T8TieUVtn3T+f5r7m71UWD3voce83XVZ793n/wtl0487ijf6uJht2+EVhry0W0LRaVU3wWJ8x7Wto25/gx8oOpI97lVgEgpnfXYt1VLf+yglgYy12/QQ+63raQpne/qZMtIte7FLbe4xynJPrepjpPi65Hrvx26tXIHd5vcGedfZmpRpFsKQkrloIscmv/xZ17wtxvo+0BBnOKkbPmtirprPZPtP/quC09JKo4FeREoloD78iSVQgF3ld531hKqph7w1XlLUb3Kh0711EN9PLkf6Tx1VqSOWdThi14TnyqgTvPUM7CWoTzqQO7cS64qkE/lhs7e1JmRUqry1XGMOq8KZes1dKKk+d3Blu98LUxX/dQhmbsiq8kFUmHrqYzqxEUd/KkM/VdnZeoEMKRU65m4bmG++Gvo3MidMEaeMot3lhXvDCzMq44g1QFWSOpwSR0LhvVWvQe8+XaYnLSzIpkrvzpVUtJTKNTRlcZpfcP2dY/hijrxco/Fi8oMAyuz7DBveHXN6fzTFUL91QmPeufV+5BSLacwb3WuJudkyR0gROub2OFgvLOp+Lzx8tQbvbaDvGSuTn30qicahOQOzv04rYs7MQij/Wt8f9Z8ylNYR5raD4KPOt5zjzXM13u+eltXJ2LKE/ZZ19TQL0edkKnjrTAtLKOoba4Z1bFnWKZe1SmcnJW0rmEfCctzt0n4aYl/1OO6nFSGvj+U9MQFWYZ5VbY6JSssuYCCz6syXDPrfNlSlaX8etKB5tXy9NQNdRQXfzKJ6hfvYDXfAla8WdltWdi+mdgJlHvUX9SBYlh+Yr0K25bqfFHrpm2i77zQuV7YB1T3sH+E9VYHc6GjQS0vlWNifs2T+F2kcSGl87lOtQ+qLO0/2nahc9VQfqKr1lVP2Qj7lOb5ZOwXPntRnzX9Rimv6pKYtE1CeVrXdL4X4ttVv7dh3wufcXWiqv05WSps+6b6/lNZ+q7WMlRfveqpCdrX4x2CqvM97SNa31CfxKcFqKxE26K+C5Q/Mek7RstI7HQ4nfXQ71Aw1/eCC1r4ssLnPtl+mLh8fd+ps82QUn1Xx7dZcdY9VbnJjreKc5yS7HOb6jgprHN4zeXfDq2D9l/tS3qaRDyl4xA6b9X8+i7VcYX2e3WsqpTOvpQNv0zUPb7PBpfE47rE/Ufvk1mG+XktXwLZ7GhQV2BIZURAvbzqgF2PhkuWNF2PrdNrYUm9+yY7yCosf3x8qvJ1YKGelQsrXweHmh6CDfGy48Op1lN59ci0cDASnzcMl2Q9Q1BAZekAWo+J0o/FyibVU/UtSQr10HrpByQkHVzGD7LC+PCaiWUr6BIexRjKTXzNxHLiZapn7VTLjOdPNqxHEsatEvPIVP8LS+qRWifERe1nmlc9iycGLxLLVI/tOqhNtjzNnywYWNg2V9n6jCjgoAPZZEl2Wv9U+62mq16JJ0Nan8RHdSZbjsa52xd8gLGw6anK0qPJ4r2zF1ZOUeMztS2LWkY605JtS30f6pGPRSVtR31/FpVSORY1b7Jp6Xyui9oHVabWLdk+nWx52md18p7s85Tss+au5hcIxsTL1bK17xb1GY/nTzas/V6/SYmBwWR5NS7Z9tX4dL7/9BuQykrfAwq2FPYbqmUlplTfBfH84WSssO+FVOshr8KC+fHlFHc41Xd1YeWlWveVKTfd4xTVKdnnVnVKdRwW1kf7U67+duhYRCey+h1KllI5aB/U92Jh+2KyMhPHZctvVdRd6xLff3RcnOr7IXH9eV82BbIZFKggsmI1LSBzqRNwBwiuV/IF7taBZ+yp51+ysSPfsnR6ri51K5KiQqVlPV2k191b3cc+HLq8l/0U1V5tk9WE/LhT/2dD+j9va66xxmqrBwsunwLugMzUL0nnbqfa6HcHptVnSPmUYq1XRsA9NtR1XriT77diZeZnnv8EdJuECzhY+64n2KXnn+n7VPlvKkMIpC/gAkc2z926ee4lV5pu03ik9x3pz0xOBBBIKfDD5Gm2db2aKfOtTAY6GlwZtVI2jx5R1qZdF9/xm3qvLosBAZGXlvXUPaBbblG3lO0FBauje8LfHfRSwQmMQSDLAgrg7bDbPv6e+Xtuu56AQJa9y2PxN13TozyudlbW+ZRzLvJ9MKiX+KOPPCIry6DQ8iGgfniuvOFW32fSXbdcVz5WmrVEoIwI0FKgjGxIVgMBBBBAAAEEEEAAAQQQQKBsCmSzpQBPHyib+wxrhQACCCCAAAIIIIAAAggggEBKAYICKYnIgAACCCCAAAIIIIAAAggggEDZFCAoUDa3K2uFAAIIIIAAAggggAACCCCAQEoBggIpiciAAAIIIIAAAggggAACCCCAQNkUIChQNrcra4UAAggggAACCCCAAAIIIIBASgGCAimJyIAAAggggAACCCCAAAIIIIBA2RQgKFA2tytrhQACCCCAAAIIIIAAAggggEBKAYICKYnIgAACCCCAAAIIIIAAAggggEDZFCAoUDa3K2uFAAIIIIAAAggggAACCCCAQEoBggIpiciAAAIIIIAAAggggAACCCCAQNkUIChQNrcra4UAAggggAACCCCAAAIIIIBASgGCAimJyIAAAggggAACCCCAAAIIIIBA2RQgKFA2tytrhQACCCCAAAIIIIAAAggggEBKAYICKYnIgAACCCCAAAIIIIAAAggggEDZFCAoUDa3K2uFAAIIIIAAAggggAACCCCAQEoBggIpiciAAAIIIIAAAggggAACCCCAQNkUIChQNrcra4UAAggggAACCCCAAAIIIIBASgGCAimJyIAAAggggAACCCCAAAIIIIBA2RQgKFA2tytrhQACCCCAAAIIIIAAAggggEBKAYICKYnIgAACCCCAAAIIIIAAAggggEDZFCAoUDa3K2uFAAIIIIAAAggggAACCCCAQEoBggIpiciAAAIIIIAAAggggAACCCCAQNkUIChQNrcra4UAAggggAACCCCAAAIIIIBASgGCAimJyIAAAggggAACCCCAAAIIIIBA2RQgKFA2tytrhQACCCCAAAIIIIAAAggggEBKAYICKYnIgAACCCCAAAIIIIAAAggggEDZFCAoUDa3K2uFAAIIIIAAAggggAACCCCAQEoBggIpiciAAAIIIIAAAggggAACCCCAQNkUIChQNrcra4UAAggggAACCCCAAAIIIIBASgGCAimJyIAAAggggAACCCCAAAIIIIBA2RQgKFA2tytrhQACCCCAAAIIIIAAAggggEBKAYICKYnIgAACCCCAAAIIIIAAAggggEDZFCAoUDa3K2uFAAIIIIAAAggggAACCCCAQEoBggIpiciAAAIIIIAAAggggAACCCCAQNkUIChQNrcra4UAAggggAACCCCAAAIIIIBASgGCAimJyIAAAggggAACCCCAAAIIIIBA2RQgKFA2tytrVYTAlF9+tS/HTbAFCxYWkYtJCCCAAAIIIIAAAggggEDZF6hc9lcxN9fwr79n26QfJ+er/LrrrG0NG2xnFSpUyDeeN8UTuP3eB+2ZF162t/q/YM2bNi7ezORGAAEEEEAAAQQQQAABBMqQAEGBUrox331/pJ101oUFard5zRp2YreuduE5pxEcKKDDCAQQQAABBBBAAAEEEEAAgeIIEBQojtZqyHv4YW2ta6f2lrcszz74aIzd3+cJ63nb3dZgu63t0IParIYasUgEEEAAAQQQQAABBBBAAIGyIkCfAqV8S2679ZZ24H5720Ft9rEbr77ULjnvTF/jMZ994V+XLFlqt951v7Vue4TVbrCrHX70ifbV+G/yrdUHoz62U86+yLbdpaXt0qKNPfviK376smXL7N4HH7M27brYBrUbWOdup9qQd96Lym3Xpbu17XisLVz43733mvegw4+2l/sP8vnGfjnOTjjjfL9sla26LFq82E/7+pvvfN5HnnzO+g8cYi3btPfTQ7nxe/qf7/eaz9v31Tf8vPE/ynfznff56VpHzT9n7txoGaf975Jo+T2uvtHmzp0XzZ6Xl2e33/OgX+/d9z3Unni2bzQtPvDK64O8nRxk+eobg+OTGUYAAQQQQAABBBBAAAEEyqQAQYEc26xrrLGGr/HWW27hX8/rcbU/Yd50442tW9dONnzEKGt10OH2+8xZfvqbb79rhx15vL3Uf6BpngP2a23qr0CpxzU32dU33m6/Tvvduh3VyYYOH2Fdu59ug4a8Y5UrV7JqVavaRx9/6lso+Bncn6ee72ejPxlrOzasbzrp1wm65jv5uKNtk42r+7rc2ut+n33OnLk+7zvDP7Dup59nM1yddIIfyh0xanQo1p7p+8rycrevH43TgPJ3Pu5UH0wY75bXsd0htt56VUzBkG+/n2QHugCFAgn7772XVd9wA3vo8Wd8/hBwUNDjxtvvsclTfrHGjXa0q3reZkOGDs+3jL6vvO5v1Zg2fYa/LWPmrD/txDMvsHfe+yBfPt4ggAACCCCAAAIIIIAAAmVOwF1JJZVCgZf7D8xbv1b9vFPPuTjPtQrIcyfieb16P5xXq34T/9+dcOf9MvU3n+fADkdFa3DHvQ/5ce7k2I/bda8D/fvXB70V5dHAb9Om+/Eqz13Z99M+/3K8H9di/3b+vbt67t+f3+Ma/376jJn+vcpUOveSq/z790d+5N/Pn7/Av1e9XSuEvFGjP4neD3tvpM+jP2HdQrmz/vgzX7lRRjegeqs8F+jIW7BgQXxS3gWXXeunuZYI0fijTjzTj3PBED9um0Yt/PvPvvjKv589Z45/rzJlqrR909Z+nEyVXCDEv1dZJAQQQAABBBBAAAEEEEBgdQtM+um3rFWBPgVKeZhHV8HjTeobbLeN9X/hcatadT17d8SHvvbupNrOOL+HH548Zap//emnn23mrD/8Ewx0Zb3tAfvmW9NPP//Kv2938AG25orWB412auiu9m/kWwD8PXuOtdmnlc/T77UBdnvPq2y46/xQqWunDv51pOvjQEk9+b/wcn8/rGXNm/ePW/af/r3+7Nd6T9u3dcvo/f777OWHB7w5dHm5rnWDUpeO7f1r/M9HYz7zb4/t0tHWXnvt+CRzwQj/fl9Xfkht99/HBr81zDRf0yaNvIHqtMtOO/gsaqWg2zHeGvaef+8CHeYCJL71wSVX9/Tjlvy7xL9+P/EH/8ofBBBAAAEEEEAAAQQQQKCsChAUKOVbtmP7Q+yYI49wJ7ez7OHHnzXdw6/7+c8+7QT755/5vvZqSr/Wmmv64frbbGX6v/OODV1fAIv8OJ0IV65UKd+azl+wwL9fr0qVaLwedVhl3XVtpv1hCxctshqbbmIdDj3I9wegIMJgdyuCkgIJSrPd7QFKlVzZYfmdXH2V1lxz+W0OGt6ibm29RGn9atWsresj4U3XjP+LcV/bW+8sb84fyo0yugHX+sC/reaCIIlpvru1QGndddeJJoXhBa4fBBdK8+O1/hUr/nenTMijiaF8BTLCOui1+zFH2oYbbBCVywACCCCAAAIIIIAAAgggUBYFCAqU8q2qfgDCVfYmu+xszVq3tVvu6m2nnnisbb1VPV/7f+bPt1tvuDI6qY2vkq7860q4OiZs3rRxNClcOX972Pt2m5tXSffd678ee6iAgJKefqBOAl9zHe+9Mfht99SDbWw7F3RQ2nmH7W2Yaz2wR/Nd7fijj/Tj0v3TwZWroMCAwUN9fwcqt/62WxeYXXVWPwb9Xh1QoHs8H3YAAEAASURBVCVBy+ZN/byjXasABS+Uhn+wvNXBbrs29q0ednB9FKjvA61Xvbp1bOnSpb4PhLCgurVrhUE7/aTj/PpFIxhAAAEEEEAAAQQQQAABBMq4QKVrXSrj65iTq/fNdxP9SXjL3ZvZXi2a+3XYqPqGNsp1/Dfxh598S4BWLXd3HQt+6N8Pffd9++PPv2zKL1OjHva3cUEDnQSrmb1O7H//fabrVHC6P0HeY7ddbcSHo02d93386VibOfMPu+K6W+zPv/62i/53uu3erIlfZp1am5vry8DC7QZnndrdNK9S9eob2Evu1gJ13PezW646FlSZjzzxnG9NMPXX3+y5fq/6Dv4O3H9vP0/4U8sFHu554FHfuaDGqeXD7s2Wlxvy6HVTF5zQkwC+Gj/BhrmO/xYtWmzvvDvC3w6w/vrV/PLVIaBaReg2Bz0dQYGQG6682Ld6cP0uRJ0dKs91N99pM9xtFYsX/+s7Zqxbe3M/rzpPVEuI36b/brodY4ALgHz86efWwgUeSAgggAACCCCAAAIIIIDA6hT46+95Vn2DqlmpAkGBrLCWvFD1rO862bN4UEClVqxYwQa6pwOouXvXTu3tgH1b29TfpvkTf52Qa9rUX6fZ0e6Wg9qb1/Qn8Ouus46Nm/Ctveeuog9xTfXV+mDvvVrYoW3b2HcTJ7kr5x/44MLif/+1i8890y4457RoBXQbgIIQClIo9br5Wt/Lv4ZVzpb16trH7oRaJ9CD3L38777/oW9BoLJ/dfV6tm/yoMA6rn+AH36cbBO+/V5FuXKvc8311/fD8T/rVVnXDj1of59P/QQMdQEB9WVwzuknmVoBaPmjx4z166XAQTPXj0Dfpx72665y1PpA+VV/tSI4+MD9rNmuu/j66mkNMtrdBTl068Rb7nGMn7gWFQNdXwcfjv7Et5JovPOO8eowjAACCCCAAAIIIIAAAgiscoFsBgUqqAvDVb5GLDDjAuoD4Df3aEH1EaBHA+okNzGpJcHSpcts0002yjfJPX3AtyKo466aJ5svX+ZC3ugRiPPdbQw1N9u0QIeAhcziWyzs0qKNNWm0k7076KXCskXjFbSY6Zaz0UbVbe211orGa2D67zN83wLqPyBZ0i0U6sugigsyFJbUN4PKUarh1kOPZSQhgAACCCCAAAIIIIAAAqtb4IfJ02zrejWzUg2CAllhpdCiBHTlXlf9+77yun86wotPPmQHJdxeUNT8TEMAAQQQQAABBBBAAAEEypNANoMC/3XJXp5EWdfVKvDj5J/txtvvMT094OZrL3OPCGy9WuvDwhFAAAEEEEAAAQQQQACB8ipAS4HyuuVZbwQQQAABBBBAAAEEEEAAgZwQoKVATmwmKokAAggggAACCCCAAAIIIIBAbglw+0BubS9qiwACCCCAAAIIIIAAAggggEDGBAgKZIySghBAAAEEEEAAAQQQQAABBBDILQGCArm1vagtAggggAACCCCAAAIIIIAAAhkTqJyxkigo4wLjv5tsH34ywX6eOiPjZVMgAggggAACCCCAAAII5LbAFrU3tZbNGtqO9eut1IrM+nO2/Tptls2ZO9/yVqqE1TdTBbfoalXXtVo1N7aNq6+/+ipSBpZMUKCUbsS33x9r3076xfbcbQc7uj2P7Culm4lqIYAAAggggAACCOSgwIw/5ljtmhvlYM3zV3nuPwts6IjP7bfpf9oBrZvkn5ji3eRfptuff88zBRY22rBaitylc/Iff83xF1DnOYd6dWqUzkrmQK24faAUbiS1EFBA4IQj97dt69UshTWkSggggAACCCCAAAIIILC6BapWWceOaNvCdHKsc4h0k1oIKCDQZKdtcjYgoHVVMEProHXROpFWToCgwMq5ZXUu3TKgFgIkBBBAAAEEEEAAAQQQQCCVQJtWjf1tx6nyhem6ZUAtBMpK0rponUgrJ0BQYOXcsjqX+hCghUBWiSkcAQQQQAABBBBAAIEyI6AWA8Xph0x9COTqLQPJNprWRetEWjkBggIr58ZcCCCAAAIIIIAAAggggEBOCuRap4LpIJfFdUpnvTORh6BAJhQpAwEEEEAAAQQQQAABBBBAAIEcFCAokIMbjSojgAACCCCAAAIIIIAAAgggkAkBggKZUKQMBBBAAAEEEEAAAQQQQAABBHJQgKBADm40qowAAggggAACCCCAAAIIIIBAJgQICmRCkTIQQAABBBBAAAEEEEAAAQQQyEEBggI5uNGoMgIIIIAAAggggAACCCCAAAKZECAokAlFykAAAQQQQAABBBBAAAEEEEAgBwUICuTgRqPKCCCAAAIIIIAAAggggAACCGRCgKBAJhQpAwEEEEAAAQQQQAABBBBAAIEcFCAokIMbjSojgAACCCCAAAIIIIAAAgggkAkBggKZUKQMBBBAAAEEEEAAAQQQQAABBHJQgKBADm40qowAAggggAACCCCAAAIIlHaBW3r1Nv0nlW4BggKle/tQOwQQQAABBBBAAAEEEEAgJwUUEBj50ZicrHt5qnTl8rSyrCsCCCCAAAIIIIAAAgggkGmBCd9Ptm8mTk6r2I6H7J1WPjIhsKoEaCmwqqRZDgIIIIAAAggggAACCJQ5gVcGvWevDBqe9nrdcNcTaeclIwKrQoCWAqtCeRUvY/acOfb5l+Ptr79n2xZ1a1vD+tvZ2muvla8W33w30ZYsWWI77bC9H//dxB/sn/nzozwVKlSw7bbZyqqsu240Lj6wePFi++rrb2zylF9s8xo1bPv629qGG6wfz+KH//33Xxs34Vv7Zeqvttmmm1iTRjvZmmuuGeX786+/7dvvJ7lxa1jTxo2i8RrQMsZ/812+ceGNlrfO2muHt7Zg4ULTOtWtXcs23qi6zZk71yb9ONm23WpLq1p1vShfGJg37x/7/ocfw1v/qvLqb7u1Vaz4X6xsossz1+UNSS5axkbVNwyj8r2OcyZaXr26dfKNL8ph0aLFzugb+/Gnn22rLbewnRpub2uttdxowrffO4d/bZedd8hX3pRffrVZf/5p22xVz49Ptq4//TzF7wP5ZlzxpmKFivnKTLU9i+ug+n3+1Tir46x2dvtY5crJv2qKWq72i/kLFiSrvtXevKZtusnGFvZbeVffcIMob9h3ttyiboH9Ui7//DPfdmzYIMrPAAIIIIAAAgggUBKBhtttaem0AFCLggnf/1SSRTEvAhkXSH6knvHFUOCqENCJ8WnnXmLDR3yYb3E6SX7s/l7+hDwvL8/uur+P/79elXXtm08/8HnP73G1P3nPN6N707HdIXbRuWf4k7Aw7ZZe99n9jzwZ3kavN197uR3bpeN/7++8zx54NH++ay670E4+7ugoz2PPvGD3Pviofz/63UFWq2aNaNqPk6dY+67do/fxgeEDX7Zttt4yGjX551983jtvvMaOPKKdfTL2S+t++rnW98mHrUXzplG+MPDxZ5/76eF9eK1ZYzO79borbJ9WLf2ocy+5KqnLQfvvYw/efatVrlQpzOpfD+50rDe7+9bro/E3F+Ggk+12XY63ee4kNSQFPJ7pc58Pogx++12758FH7P47b7J2Bx/osyjo0/6o7rbuuuvYO2/0s1Eff5p0Xa+7+U4b9v7IUGyB11+++cyPS2d7puswc9Yf1qnbKfbj5J/zLe/he26zgw/YL9+4VMu94LJrktqrkBuuvMS6H9PFwn7bZp9W9vgDd0Xl//zLVL8/POS20SEH7h+N14DubRvjtv/nI4fmG88bBBBAAAEEEEAgEwKpWgIoMKA86QYSMlEnykCgKAGCAkXp5NC0JUuX2tkXXeEDAre4k9rD2rZxJ43r2mR3Yv30iy+bTpp1lf6ya2+y5/q96q+mL3RBhHjS9Kf73OtH/T5jpvUfOMTue/hx34Lgkfvu8OP7PPGsDwgcd1Rn+9/pJ/mrtb9N/92Gvvu+6QQ3pN59nvABAQUVLjj7NKux2Sb+Sn6VKlVCFlu2bJm99NoA38pAV/kHDH7bTj/puGh6GHig183WvGmT8Na/KtCRifRY717WvFlj+/ffJf5E8cLLr7U7ez8cBQW0jLjLb9N+t8efedFefKW/jRz1se29V4siq1GUg9b/yONPc6041ranH77PdmhY35tfenVP6+XqcOv1V9rZp55gA95826656Q5rvecetn61anbnfQ/brD/+tBfueDBfa4nEiihIM3/B8m18zU2322eff2kDX3o2X7Z0t6dmSuWwcOEiO/nsC23GzJn23KP3W4vdm9m0adPt3Euv8sGqQS89Yzvv2NAvP93lav+56drLojpr373+ll5Wy7UUiKehw0fYh6M/sZZumSQEEEAAAQQQQGB1CehWAp3sb79tvUKr0PGQ5ZN0y4HyNdyu8LyFFsIEBDIoQFAgg5irs6j3R35kbw97z6665Hw75sgjoqroavr1V1zsT8A18i2X58UnHrJX3xhkg98eFuXTgJp466RTSa+XnHeWDXnnPddj6Md+nK5Q33DbXbZf6z3txqt7+HH6o6v7umqrk1wlnbDeeldv26tFc4tfMW+0U/4m8J99/pVNcwEFXfVV8OGFl/snDQps4G5LUFPxbKT11qsSrbOuZOvE8ukXXrK/Z8+xDdZfbpHoctH/TvdBgQ+cS1FBgVQOavKvPGed0t2a7bqLX72jOx9uz7/0mv9/0zWX+9s+7uh5tR1x7El2x70P2ZGHH2ZPPPuidenY3vbcfbciSdTqIaRq7pYGBR+2drcnhJTu9gz5Uzm8894HNvbLcdbrpmutVcvd/Wy6feDBu261pq0Psgcfe8oPp7tc3dqi21/WXWcdX5ZuCXjkyeds26238vtgqNceu+3qAlI/2XW33GlvvvK8Var03+0frmEMCQEEEEAAAQQQWGUCujWg4yH7pHWi/83ELX3nhAQFVtnmYUGFCFS0kV8UMonRuSTw1fgJvrpdO7VPWu1wn/yAvk+lfTVVtxosWrzI3xeuQsdP+M6X3c21EkiWwjLGuz4ElE6K3SaQLH//QUP8aJ1Admp/iG9ynqwPAbVa+NRd5dYJp1pEZCupfwM9MqVZk0ZRQCBxWQp86Kq0UrjFIDFPeJ/KYdrvv/ustWrmv+pdp9by93/Pnu2nK2CgoMuTz/W1k9yVeN32ccVF54bFrPRrutsz2QKSOYx3/SIoHepaqcST+pJQIOmzL8b50ekuVy0lzjy5e1TUqwMG+yCSWp6EfU0TFcDqcf7ZviVK/0FvRvkZQAABBBBAAAEEEEAAgdQCtBRIbZQTOT774it/slitalVf32fcLQOjPv4kqrs6yHug1y1Wu9bm0bjEgQWuU7cfXGd3SjNmzvLN1tVh3L239fTjvvp6eeAhdKKn+7J11Tqe1LpAne0phXzx6WFYV33VWuGIdgf7JvC6R/+qnrfZG4Pesh23rx+y+dfze1wTvddtAxefe6bpinomkm6nUJmLXH2+HPe1qTXDne5KdzxpPTsee7IfpXvldXVffSO02K1gXwXx+VI5bOeueCu9NnCwHe4cdLKvjvMGDnnHj587b17UoaFaJygooJYVaqWRrFNHP1Mx/qS7PdVZn1IqB3U8qXWIdwAZqqMWA+rfQC0wirtclaGOGnv17mNb1dvC2rbZNxQbvXbscKg97G5t6Xnb3QX6LogyMYAAAggggAACCCCQVQFdYNtzj6Jbs6aTJ6uVpPACAhULjGFETgokdni39lpr+d7Y1SO7TtYGvJm6UzU9JWDvg4/w/488/lRTYEEd3B1+WFtvUqni8k718lbcJqCrtSpf///48y9/Mqte/UPS0w0KSyPc/fjqXO/QFZ3A1dhsU1Mz8Jf6D4haA+jEV03RRw19w8Z/PNyef/wBq+ny6Z573b+eibTrLjv5pu5779nCdtu1sQ8MqPl+PKkZvloz6P/+e7fyQYRnXnjZvp/0YzxbocOFOegK+hknHe87Rdy+6V7Wuu0R1vWE06Om8evF+l94c+i7Ufn9B74Z3aoRjVyJgeJuz5I4LF3RwkNPmSjucrVqrw140wdEzjvzlHy3B4TV1v5/rQvUKGDz6FPPh9G8IoAAAggggAACCKwiAZ3sH9r5OP+/sEWG6cpLKj0CtBQoPduiRDXRFW5didX92mpO3dnde67/Si0PaOevgKdagMp44M6bbVneMvvl19/swsuvs5633+OvvOp+8h1WXMH/2T1eUH0V6BGC4TGCV1x/i3005jPb0l3J1WMKlXSftx7xlyzpJE/pEneCv8YNt/phXQVX+mjMp7bXHs197/thHTRe434/7ijX4/w1/qp1uG9d05auCFRouDipU4fD8j2dQD32P/TY03bCsV3doxY380XVca0rzj1jeUsBjVAril1bHej7HrjpmssKXVy9Ler4aUU59LjgbDtgv9bu8X3jXcBjM1+Xi664zs+nvhSUdKKreum2hg6HtjVZ9331DTuqUwc/fWX/pLs9Q/mpHNSi4AMX7In3xxDmnfTjT1a3Ti3fP0Bxl6ugyh33PeTnP+zgA0KRBV61P+iWjtvuvj/f4xYTM2bzFpTEZfEeAQQQQAABBBAoLwJqIaBjWz3pSSf/A196Ot+qa5yCAcqTqjVBvhl5k3UBWgpknXjVLCA8c/3Zvq/mW+Akd2KuWwB2a7K8I7t8ExPerLXmmv7ES83+dQKu+7R1oq7OCZXCyZxuGVB/AyEtXbrMd1qoDuDUfDwECu596FHTbQKJae7cefbG4Ld8y4ALzzndP8VATzIInRf2XxEw0K0MajYeT9OmLQ8cJD59YKy7fUJJLQ5KknTiqpT4SL14mdWrb+jX89vvJ8ZH+3vaNWLzmsuDCakcdHKqK+jKd8rxx9ihB+1v8+fP930W6HaK0PpDnTuqVUXPq3rY0a4TyZ0aNnA98N/pgxP5KlDMN+luz8KKTXQIPf/3cwGLeNItEQoY7dd6Lz+6uMsNrQTOP+vUyCRefnw49LVw6133x0dHwzIfNXpMgacXRBkYQAABBBBAAAEEEFhpAZ3w639oNRAKigcENJ1UugQq2wdfmu2Z+oSxdFWb2iQK6AqpTir17PcF7jF0+7ZuabPd/ds3u/c6UdfJZHGTnv2u9Ko7Sdez3tUb/7WXXWTX3nyHnXlBD+vWtbOtucYa9vizL/ir2TdceanPr2bml7qAgp5AcOiRx/kTXj1C7tffpvmm93/9vbwDvdNOPC5qKu9ndH/e+2CU9XOPKbzePZHgZXcrweC33/WP5VOg4kvXp8EDjz5pKn871wLh1TcG+975p02f4e4nf8aXrcfgxdOgt4bahO++j4/K93SGUR9/anPmzvUn5z+6xzfqKrO8Gu+8YzTP9Bkz3FMYhvv3Mh3kntqgk/Q2+7Z2/TZ8auowsIL799Tz/XyeIw472L+mcmjYYDv/VIGzTjnBGmy3jf308xTXR0NfP+9JrkWEkp5woPU8sVtXU34lPWpQrte5R/Pp9o6QClvXZPf4a550t2covygH5VEgQwELBTGU9PQJtRq5/LqbfbBJ/U0oFWe5aiVw94OP+G3e4ZCD/PxF/VHLlG5dO/lbX0K+qW6/e8d1DqnbNfTEDW27TPVJEZbBKwIIIIAAAgiUXwE9VjA8XrD8Kvy35uGkXy0GlMKtAiFg8F9OhkqLALcPlJYtUcJ66KryPbfe4O7v39Ce6/eK3eNOpJT0bPmXnn7Ettmqnn8f/lRw/QGkSlXdY+wUGNCjDsNtCTpZ1SPfnnb31HfpfpovQp2/adkKSoR09qkn+Ob3t7jAwAWXXxtG+3x66oBOvJM9Uk/9F6h3/+EjRtmx7uROJ3Tx+bU+9/e62V8xHuVuM+j7yuu+bPUHcOYp3aMryRVdx4pKqmdiip9cBiflUesDndgqoFFl3XWj2dTS4pRzLore6zaLyy48x047oZsLmAz2tzNoohyuvPg8f2tFyFyUg27zkIH6SAhJZTz50D22e7NdfSuJHtfc6K3U435IWv5xR3Xy66anTaRa18KCAiov3e2pvEU5aLr6mHjmkd7O6sIoMKDxOgFXixBt85DSXe6gt97xy72951X+kZlh/qJe1aJA/WGEtNAFydSJpZLqoFtDDjso/xMSQl5eEUAAAQQQQACB4grokYJ6vKACAxO+n+weSVjcEspe/sTAAAGB0r2NK+Td9GSeXXZ86a5lOavd5bc8aZedlfyxf+lS/Oaa/a9frWq+k9t05003n+4d15XcxKb8ifOr80H1pK+AxVprrZk4OeV7Nfn+7bfpvkPD9darki+/OjjUrQyp6pBvpgy/UcBEt0QU9WQHLbIwB91+MW36dFMQRoGC1ZXS3Z6p6qdbPtQxop6W8MlY1xLJJQVtFMhon+Rqf6aWW1S9FixcaDNmzHK3DdRIO7hQVHlMQwABBBBAAIHcFpjxxxyrXXOjjK/EDXc94YIC+5gCBanSK4Pe81k6HrJ3qqxpTb/uruftph7d08o7YvQ4a7X7TmnlLUmm0FogBAlKUlaqeVfVOqWqR7am/zB5mm1dr2ZWiqelQFZYV3+hoZO8bNZEzcDTSTqRTzyZT2e+kEetIMK9/mFceN3I3d+/upNO5NM5mS/MQS0vUgUUVsU6prs9U9VlDXdLSbuDD/T/f3GdUn7oHo35/siPCu3vIVPLLapeai2xRd3aRWVhGgIIIIAAAgggUGKBhttt6VoNTPb/UxU24fufXPBgy1TZcnr6qggG5DRQKak8QYFSsiGoBgJlUaBO7VrWVf87luxJCWXRhnVCAAEEEEAAgbInoKv+oQVAqrVLt0VBqnKYjkBJBQgKlFSQ+RFAAAEEEEAAAQQQQACBFQKZuh2gtIPq1oDQiWBJ6xoeZ1jScph/5QQICqycG3MhgAACCCCAAAIIIIAAAuVaIJNBgXINuZpXvrLt1Wg1V4HFI4AAAggggAACCCCAAAII5JIATxTIpa1VdF1TP5eu6PmZigACCCCAAAIIIIAAAggggAACOSpAUCBHNxzVRgABBBBAAAEEEEAAAQQQQKCkAgQFSirI/AgggAACCCCAAAIIIIAAAgjkqABBgRzdcFQbAQQQQAABBBBAAAEEEEAAgZIKVLQ9dylpGcyPAAIIIIAAAggggAACCCCAAAI5KEBLgRzcaFQZAQQQQAABBBBAAAEEEEAAgUwIEBTIhCJlIIAAAggggAACCCCAAAIIIJCDAgQFcnCjUWUEEEAAAQQQQAABBBBAAAEEMiFAUCATipSBAAIIIIAAAggggAACCCCAQA4KEBTIwY1GlRFAAAEEEEAAAQQQQAABBBDIhABBgUwoUgYCCCCAAAIIIIAAAggggAACOShAUCAHNxpVRgABBBBAAAEEEEAAAQRWVqDCys5Yiucri+u0qrgJCqwq6WIsZ4vam9rEydOKMQdZEUAAAQQQQAABBBBAoLwKzP1ngekcIt1Ureq69sdfc9LNXurzaV20TqSVEyAosHJuWZ2rZbOGNnLM11ldBoUjgAACCCCAAAIIIIBA2RAYOuJz0zlEuqlWzY3t56kz0s1e6vNpXbROpJUTICiwcm5ZnWvH+vWswTZ17Il+79BiIKvSFI4AAggggAACCCCAQO4KqIXAq2+Oso02rGY6h0g3bVx9fau+wXo2dtyknG4xoBYCWgeti9aJtHICFfJcWrlZmSvbAuO/m2wffjKhTEXxsm1G+QgggAACCCCAAAIIlBcB3TKgFgLFCQjEbWb9Odt+nTbL5sydb7l2Uqg+BHTLgFoIlIeAwA/u9vKt69WMb76MDRMUyBglBSGAAAIIIIAAAggggAACCCCQeYFsBgW4fSDz24sSEUAAAQQQQAABBBBAAAEEEMgJAYICObGZqCQCCCCAAAIIIIAAAggggAACmRcgKJB5U0pEAAEEEEAAAQQQQAABBBBAICcECArkxGaikggggAACCCCAAAIIIIAAAghkXoCgQOZNKREBBBBAAAEEEEAAAQQQQACBnBAgKJATm4lKIoAAAggggAACCCCAAAIIIJB5AYICmTelRAQQQAABBBBAAAEEEEAAAQRyQoCgQE5sJiqJAAIIIIAAAggggAACCCCAQOYFCApk3pQSEUAAAQQQQAABBBBAAAEEEMgJAYICObGZqCQCCCCAAAIIIIAAAggggAACmRcgKJB5U0pEAAEEEEAAAQQQQAABBBBAICcECArkxGaikggggAACCCCAAAIIIIAAAghkXoCgQOZNKREBBBBAAAEEEEAAAQQQQACBnBAgKJATm4lKIoAAAggggAACCCCAAAIIIJB5AYICmTelRAQQQAABBBBAAAEEEEAAAQRyQoCgQE5sJiqJAAIIIIAAAggggAACCCCAQOYFCApk3pQSEUAAAQQQQAABBBBAAAEEEMgJAYICObGZqCQCCCCAAAIIIIAAAggggAACmRcgKJB5U0pEAAEEEEAAAQQQQAABBBBAICcECArkxGaikggggAACCCCAAAIIIIAAAghkXoCgQOZNKREBBBBAAAEEEEAAAQQQQACBnBCo+OFHY3KiolQSAQQQQAABBBBAAAEEEEAAAQQyK1DxsM7djMBAZlEpDQEEEEAAAQQQQAABBBBAAIFcEPC3DxAYyIVNRR0RQAABBBBAAAEEEEAAAQQQyKxAxQEvPeNLJDCQWVhKQwABBBBAAAEEEEAAAQQQQKC0C1RsucduFg8MlPYKUz8EEEAAAQQQQAABBBBAAAEEEMiMgL99IB4YqF67Pn0MZMaWUhBAAAEEEEAAAQQQQAABBBAo1QLRIwnjgQFuJSjV24zKIYAAAggggAACCCCAAAIIIJARgSgooNIIDGTElEIQQAABBBBAAAEEEEAAAQQQyAmBfEEB1ZjAQE5sNyqJAAIIIIAAAggggAACCCCAQIkFKuS5VFgp7Tp3s5EfjbFLLzjH/T+7sGyMz4bA85f4Uhd17JmN0ikTAQQQQAABBBBAAAEEECgzAmuttWaZWZdkK/LD5Gm2db2aySaVeFyBlgLxEt9wjytUQODWXvfR+WAchmEEEEAAAQQQQAABBBBAAAEEyoBA5VTroBYCe7rHFpIQQAABBBBAAAEEEEAAAQQQQKBsCaQMCmh11c8ACQEEEEAAAQQQQAABBBBAAAEEypZAkbcPlK1VZW0QQAABBBBAAAEEEEAAAQQQQCAuQFAgrsEwAggggAACCCCAAAIIIIAAAuVIgKBAOdrYrCoCCCCAAAIIIIAAAggggAACcQGCAnENhhFAAAEEEEAAAQQQQAABBBAoRwIEBcrRxmZVEUAAAQQQQAABBBBAAAEEEIgLEBSIazCMAAIIIIAAAggggAACCCCAQDkSIChQjjY2q4oAAggggAACCCCAAAIIIIBAXICgQFyDYQQQQAABBBBAAAEEEEAAAQTKkQBBgXK0sVlVBBBAAAEEEEAAAQQQQAABBOICBAXiGgwjgAACCCCAAAIIIIAAAgggUI4ECAqUo43NqiKAAAIIIIAAAggggAACCCAQFyAoENdgGAEEEEAAAQQQQAABBBBAAIFyJEBQoBxtbFYVAQQQQAABBBBAAAEEEEAAgbgAQYG4BsMIIIAAAggggAACCCCAAAIIlCMBggLlaGOzqggggAACCCCAAAIIIIAAAgjEBQgKxDUYRgABBBBAAAEEEEAAAQQQQKAcCRAUKEcbm1VFAAEEEEAAAQQQQAABBBBAIC5AUCCuwTACCCCAAAIIIIAAAggggAAC5UiAoEA52tisKgIIIIAAAggggAACCCCAAAJxAYICcQ2GEUAAAQQQQAABBBBAAAEEEChHAgQFytHGZlURQAABBBBAAAEEEEAAAQQQiAsQFIhrMIwAAggggAACCCCAAAIIIIBAORIgKFCONjarigACCCCAAAIIIIAAAggggEBcgKBAXIPhAgJ5335iS28+0Zb1f7DAtHI7Ii/PZn7ztf3146QiCebPnGEL/vyjyDyrYuLSxYt9fef8MmVVLK7ULuPvyT96h2VLl5baOqZbMa3D9M8/sykj37fF8+alO1tW8y38+y/vWxr2+Uys6L///GNzpq74zKTzmU8nTyYqRhkIIIAAAggggECGBQgKZBi0rBWX9+2npsDAstce8MGBVbF+ecuW2h8Tv7NJbw60H4a+aTMnjLdlS5asikUXWMa/8+fb1NEfWvyEetmyZfbykYfZ4LNOLpA/jPhnxu/21L6723MH77Pa6h7qMn/WDF/f92+4Mowql68jel7tHRSsyeWkfevxlo3tteM626AzTrAZX39VKlZHAQp9Lr597aVSUZ+SVuLlLu3subZ7Lw8kpfGZT+d7oaR1Yn4EEEAAAQQQQCAbApWzUShllg0BtQ5QMCAkBQf0v0KDZmFUxl911XPoxf9zV0Dfy1f2epvVtLb39bGNt98h3/hsv/lz0nc24JRu1vzci63JyWekvbh1Nqxu9fbez9becCOrWKlS2vOREYFUAhNeftH+/WeeNezU1RqfeLqtu8kmqWZh+koIbNWmrf3x/bdWZWN8V4KPWRBAAAEEEEAghwQICuTQxlrVVY0HBMKyl732oFW6LHtBgXHPPekDAnVatvIn4RUqVrI/vvvGPn/sIZvz69RVHhT466cfw6oX67XiGmu4IMYjxZqHzAikI6Bm+ko6aa1Wp246s5BnJQSan3tRNFdZuOUkWhkGEEAAAQQQQACBBAGCAgkgvF0uUFgfAv5WAteCoGKH9K+aF8f0109G++y6Mr/JilYBNZs0tYadj7IlCxf4aRNefsEmDRlkf0783pYsWmjbtj3M6rfvaDV2aWITB71u4/s+Zw3c++07dvH5ly5aZANOO84qVl7DDn34KT9u7CMP2OR3h9rfUybbZjvvYnucf2mBgMPIW663b/u/7PN//eKz9vOI4b7M7Q7t4Mfpz5+TJtqnD95jUz4cYdsd0t6anHqWrbdZDdMtEK8e09Gqbl7bDrizt/2/vTsBk6MoGwBcmzsQCJdIOEIggKAoIEQQUFBR8ODHA0UBUUHFH/kVQVFAwQPBm0NF8cRb8UBRUVAURMRwIwKKBoICIdxHEnKQ7F9f7fZmskl2drI7ZDL71vNkt7enurvqrR4e6uuq6pTnG//tu+fk8/24PH0cu856adPn7Zl2/N//S2tutEnP+aqNu678a7rlpz8qUxdGrrZa2jGfd+tXvTafd1G64VtfS7f9/sI082/XpYm775m2ff3BadM9XlgdWs5/1RdOS3deeUXa9PkvSM/Idr1TzPu+6ounpzsu/UNauGBBKcsu7zk2jV13vd5ZSxmuOuuMPIf96jRy9XFpwg47pR0OOzxtuNPOJW88Tb3+m19Jt//x9ylGSERZnnPk0WnUuHHl88s/dXK69+9/S3t94rQS3Lk1t1GcY/fjTiqfX/mFzxXbLfZ+WZryzvek1dd/atnfVxmvOfvzafolF6dd3/fBFPdH3Ae/OvxN2acz7XLU+/K+KSk6cr94yxtS+L3iy+eUc8aPeY89Wsox7aLf5LbfLj37bUfk3zuUz+OYvu6Nqi4vPPnTuc5np9v/8Pv0hl/+rrj0dVzPxfNGTEn56+mfKvffrJkz0lqbblY6+Dse/s40+957S/vefc2V6aFp/0oRHJuUPZ/2yv3TiNGj0y8OPTDd/49byun+fMqH05h11k17nnRKWnvyFmW6zS3nnZvuvOLP+buzbdr+0LenLfZ5Re2ly/ZdU6/I35HvpvvzuhgxZ36zF7w4bZG/Q1u8tCtvtGdMtYjv1RobbpRu+M43ynftmQe+MW3/lsPT8FGjynlu+91vy2eP3DE9bfWK/XIZtlzqWtWOR/5zx3LrNXLsaiVbfL+v+/rZ6c6pfyn38PrbPivtc/qX8n20RinnDd/6eqnbvMceS5PzvfK84z9cjotpRsurd1/WI0aP6fM7ednHT8r37Q3p5Wd9M41ac82qKl3fr/x9iGlFk/Z4UXruMR/ouWd7MnVv9HUP987rbwIECBAgQIDAyhKwpsDKkm/x69aOEhj2qiNS/KtSfBbBgWakYSO64lS3/vK83EGa2XOJ2B+dg0iXfuSE9MTjj+cOz8tLICCCBOe9cf80a+Y9ae3Ntyid15tyYKBKM3JndsY1V6Uxa61dhvLH8Vd98bTSAd7m1a8rHY0f57nQc+6/rzqk/I5h/2tutHHZHjFmTBqbO2Cjcqe4StGhuui9R6aO7ukBN537vXTzj79fPs4xgNIRjvUQIkVH+PJPfax0qJ7zf8eUTs0dl12S7r76yvJ57Y/puXN9/mEHpn9d8Is0ftNJaWIOHsx95OGSJQIVV3zuE2l2rmuUPaZZXHDkW3Pn9KLy+eMPPZinOxySO+i/S2tvtnma9+gjuYzvqj19XpjusTIlIsob595wys7pH7/4SfrNuw4vQYfazFHHmD4RHb+d3vGutO0BB6XHZtzVEyx5aNq/89z216Vbf/XzNDF3YMestVaK0R6/PuLQniBOdDIjoPD7D7ynLIoXgYMo9xWfOSX9/v3vzsGaEbnDOybd8rNze85br4wRvIhAw1058BEptqON4zp3XPrHsu/B7uuOGDW6/F39iOkp4Tdm7bVLYOHyT55cfVTurb7ujaouUfYYxh+pc+Giusf1XCBvXP7Jj6a//+Db6anb7ZDiXlj/mdula792VgkIRDvGvRIBsWe87qDccb85XZY7/xHkiXtqzFrrpNHd34NRa6xR7snwi+/L747N9crfmQhyRGe0axrOpbWXLtvXn/PVEhDYeJfd0pYv26/cK3FsdQ+FfTj+8/yfpr98+uNpzPi18vnuT1fmMtx99dRyjljk8MKjjyj5NthhxxIUm3rGZ5a6VrWjr3pFnggI/PqIw9LVXz6zdLq3zAGKUautXtbjiIDCzw7aP/39h98pgZ743j+RAyuR6tW7L+t638mHbp9W7qsIOFUpvg8X5HJW92x8R+O+jiBg71TvHu6d398ECBAgQIAAgZUlYKTAypJv4ev2HiVQjQqoDRQ0axrB1vvtn/57+Z/S3/LTyfgXT9Sj0xpPw6sn0/v/6Pz0lKdv2yN44dHvTLfFgoS5Y7jZi16S1tx4Yl4c7O9p1j0z0rgNJpSn0JE5nprOmnF3Xgjt3LRBflL98i99o5wjOqlTz/xMmnbRBemZB76p57y7vu+E0kn944eOTU9/3YFpu0MOK5/VDiV+/oc+ljbc8TmlI3Pua15WnuDHU/Le6e7uERAxB3zzF+9TPn7u0e/PnfZHe2dNV3z21LJv78+d1ZM3dkSHLzqT8bT+oN9ckmKKwjMOODjFgmjx1H+zF76k1DU6cLGewUvP/EpKHR15JMOZ6aqzTu+5zh1/uqSUd8oRR6Wd/rcrYHB+HpJ+Vzyh/ectS4yYuOf6a8tx0RGb8s6jyvYuRx2bn9z+t2zfmMsT89ufd8JHSxvFzt/m4EIEJe78619KOUrG/GNyHu7+rDe+pXRYz9ljSskTZZz0gr3SfTfdmH7y+v3S9HxcjIqoV8YNtt+pnPae668pv2d0d1aj7SPgEKMeIlAQacPnPLf8rn7EE/AdDz+ydDBjwb4YcRHBlIVz5/b73piXO85vu+qmNGLM2IbuqSjDfy+/rBRl9w+cmNcDWL9sP/foD6SReWRFtOEzXntgbuPVy/5n5CBM3FcxEiXux3hy/udTP5Ju/P630s65HTbeedeS7/zDDiq/X/3dn5YRGjGC5Odvel26+dzv59Eke5TPqh9hE0/1q7UuYoTNZaecVAJUcf0qxdSZg397aQmm/f0H3yl54ru5ya7PK6NYIl+UKb4XMYLl/LceXIIH1fG1v+vV6z+XXZriOxIjHF75nXNLkKg6Pu7fuKef9cZD067vPT51DBtWfZSqQMTy6t2XdSPfyZ4L5o09PnxKMY1Axjl77lzK/eidd6Y1ugOIVd569/CTvT5KVS6/CRAgQIAAAQK9BQQFeosM8b8jIFDb+Q+OZY0KiH3xb7AXHYwhzGtuvEmeHvCrFB3S6LBNu/DX5d9+5/ywdMAjIBD7/3HeT0pnMgIAkRbMmV1+P+1/Xl06wf/JT+JjMbbbLvpN2T9x9+eneDofaW5+kvqHD76vbMfTv0jxRLKRFJ3zCAhEWnfLp5XfEYhYVlp7i63K7ni6GsOiJ+TjYrpB745BPOF9+I7bS8c/Osu1aebfri9/Tt5rnxIQiD/iiXIETuIJdowKiKfjkcp0ghwQiBSdwtqgQNWRjiHqlcHs7nL3Xrdh7c0ml3NEJzSmT2y8y65pYp6SEEPOI92Vh1BHio5ilTbNAYkICsTT5ghOVGni87o6pzHiIsocHb0YHh9p3adtU37Pua9rtEa9Mm72whcXo+ikRpDmzqlXlEDPRs/ZJV1z9hdKJ/+eG7oCGhN2XHINjCooE53ijXLAKaYhzH3wwfTgbf8qZejPvbHzu95bAgJxwMw8xDxSf46LfOtt8/Q8qmVGeTvFxs/dPd9DU/KojwNSDKMfP3HTMpoivKOj/GB+C0ekuQ91rSNQ/uj1I96mEOeL+/HPn/hI+XTRgq63dSzrtZnrbrV1euzuu/Kolh+kGddd1TMdoferDWNofIyuiRRTbCLN7n5zQ1Xnibt1tWl01GOaQ9XRLplrftSrV4zmiRRTZGLUSG2K6QSRtn7l/ksEBPpT776s+/udrC1LbFeBmAgIxXcr/vsUUz16BwXq3cO9v/u9r+NvAgQIECBAgMCTJbD4kcuTdUXXaWmB3gGBKGzXawm7/qe9tvAxWqAZKYZTxxPIV3/vp+ntV99SOvZxnegkRYonhzFfP54ub5nnMtfO8Y/PN9tr7/iVbrv4wvJqw+gwxTDp+J/4mGMcKTqSw0eOKv/W3myLfI03LNVBLxn7+BEjDHpSdwe85+9eGzECYZe8bkHMXY8n2LEuQExZuPfGrg5llf2J/LQ6UgwRr57kLv7s8bI5Is+R70n5ujFnPlKsndAZY8xzquZpx/aIsWPjV0+qhl4vemJBj8GGU3YpBrEeQm16yjOemWLEQnTe42l6DJmPkQAxzzxSVd6RNdeorr0gT/GoTeFfparMMQw7Uu3T3/i7Xhkjf0xXiHRffiVfdEY3iQ529zoH91x7dQ5Y/KV0lKMTXJtG5mHpVeoYvjgu2si9ESNQqtTIcXHMnh8+tTz1jqf1Mf8/huV/f9+9yroIERT69l67ltEA4zbYIM9XP666zHJ/V84xYqO6p8M37unNcgCpd4q58N/dOz/tz9M1wmuHt7ytd5byd7UmRPzRu32qA2rvrRHdawNUn9X+rlevJx7v+l7WXrM6fsGsWWWzumd69nffX33Vuy/r/n4nq+vF7wi8VPds+bv7XlrWK1Pr3cO157VNgAABAgQIEFiZAov/j3hllsK1W0Kg97SBqlDLChTEZzFSII6pphdU+QfyOxb2i6e9sUBfpOF5cbXxEyeV7THjx5cnpvHUOzp6+597ftkfC4LVpnhqH4u3xVPkdbqf0E/e52UlS+yPFB25WOiuWjSt7OzjR9Vp6SNLnx/F0PQdDj28/IvO+9TPf7YEBuIpaARBqhQLu8VT9Ahk3HPDdWXNhOqzaspEjICoUoxyiH/xysYYir5R7tzHtIt4cr5lHokQ6e6ruuaBV8estXnX0/9xT90w7XHSx6vdy/wdQ6Qn5afy8XQ9hojffvFFZS55lGG7PJw7RjzEvOp40jv5JV3G/80d3UgbbL/jMs9Zu7NjOcGU/pQxOrQx5eP6c75WThlliVEYkWJBxzCMEQ29gyslwzJ+rOi90ehxERzZ7dgPlhLE6I4LjnxbGVVx/803pel54cfo5O5z5tml7LXraiyjyGVX7RPqZx38lrLo4PLyxv6pZ3y6fHzAeb/J99q6xbCv/Mv6LAIy8XR8Rh5tssaGrypZItiwvHTDt7/RZ72emu+VCDjFPP+t9u06X3WuWPsg1ryIhSHjO1Sl/tS7L+v4b0h/vpPV9eJ3tM0D/761Z2RQLNQZaZ0tu0YClT+6f/TnHq7Nb5sAAQIECBAgsLIEBAVWlnwLXnd5nf9qkcFlfR77BjMocHt+uh9z+KODGf/THp2mm3/6o6IVnYOYRx8phrnHFIO5+el1LEDWO2217yvLE9h4Ih8pniJHig54PK2P6QfnHbx/GVUQT31jaH6s1B//alM1LeDmH/+wdNZjVfvxk7oCC7X56m1f+7UvpZk3Xl8WR4xF8mK4f6RqKHLt8dsdcmhZnf5X73hzeYtCdDhGrzk+bZ5HQMRaCDEs/5dvP6Rrbnf3YnfbHnhIOUU1VD7WTYj+dixMV71BobpGjKy45itfLJ35WAwtFhscNmJ4nov/p7THiSeXjmKVNxZCjKBLzG2Pzm9MOYhUPaUP5wgK/PHED+Q6/TPNuW9mmZcfgY2YalA3LSco0J8yxlsHIsV6EpHiTQLRCQyDmBIQaaP+lKHkbPze6D6s4Xsq2i6mZUTZhuWRCrPyUP54Ar3u1tuUlffjvNMv/l1uv2GpdsHM6nq9f0fQI9aquO4bXy5vYIiV+WNoeiwOGd+XWKOhNkWgLdI/z/9ZebvAX0/7VO3H/dqOaQ83fPvr6U/53ohpN4/e9d/0379cttxjY6HOSMurV9xPEdiKQF6MAor2j1cvxnoFT3vla0pQ4K+nfbKMsom88QaJ7d/8trr17sv62q+c1e/vZG3FYqRMvA0lgiAxBSZGfMT0iO5BOj1Z+3MP92S2QYAAAQIECBBYiQKCAisRv5UuvbxRAv0p48JTD03Dj+saTt6f/H3l2fndx+bRAWO61hHIT4EjRQdzr1M/1zO8Pxa6i1e6xerq0QHc7f0nlhXdSy+4++Sb7/XSEhSIP+PJYzV0PTpQe592Vs7/sfKEtFqPIK4R/xPfO8XT+Vi0LRavu/SjJ+Qn66ektTZrPCiwyW7PK/Ps480HkWJBvGrl+d7X3OGwd5Th2jd+71tlQbn4PFaUj0DJy77w1fSHE95bOr0x9Dw6k7GwYfUENYIH8aq2WLE+hofHdfb65GnlDQLVdeKVf/t+5dvpspNPzOsE/KH8i88iCFM7NDr2rZM7PGtN2rxn8cO4Xrz1YJvXvD4+LnOqX5TbZurpn85z+T9f9kXQJfbFU+gVTf0pY8wJj/LE09uY/lC1cQSA4k0EkeLVh1Va1hD4al/HsI4yoqCRe6M6b6P3VLw+M94gEU+/I8Xohhi1EtMuYt58BDnKk/Hf/zbt/v4P9awrUF2vettFbVtNOSK/xWHkiLKeQnTWq7THiUuPBNnx7Uemi487prRp3B+x8OBFx+S3aOQgUlfq2ah29LxhIwIVkSKYFd+rWP0/3hgQ/s8/4SPp4uOP6TmmdqNevVZb7ylpv2/9MF1y0nFlwcsI2kV6Zg52xYiQl3/pmymCAmET/+Iei6BAvXr3Zd3Id7KyiQDAtnlxz1iYMVIEymKxzI5hw/NbKJZ8A0F/7uFyEj8IECBAgAABAitZoCPPQe5cyWVw+WUJfP/Ysnfea05e1qeDvi869staULA/F4rFBgcrKFBdL4aqV68IrN5bX30Wv2NYe0wBGEjHM4bxx2sMR+WV3st5qv/zr71Q9/bjD9xf1iFYPVaL7yPfMg5dYlc84YzRD2tutMkS+5f3RywwF687i9EFtWnh/PnZ5960xoSNllmeeI1alLmahlF7bO12jBR4/IEH8vvu86vu1liz9qMltuN8s2fOLE+WazujtZliqHvM+65eHVn72UC2+1vGgVyj97GN3Bu1x/b7uPyf3Tm5fSJFh7h3irdkrJaDN/2d+lAdH2tlzMntEKmv4+OeivYcN2HD6tAV+h338qIFC5a6P5d3sv7UK84XNrFmRzWqoTrfgtmz0/wcBFptvfVKR7za32e961g3+p2Ma8YaAnG/x3Sf/qSVcQ/3p1zyECBAgACBdhIYPXpUO1VnqbpMmz4jTZ60eF2rpTIMYIegwADwmnrokxwUWNZbB/pbv5heMJhTCPp7XfkIECBAgAABAgQIECAQAoICK34fmD6w4nZtdWR06nXs26pJVYYAAQIECBAgQIAAAQJ1BbySsC6RDAQIECBAgAABAgQIECBAoD0FBAXas13VigABAgQIECBAgAABAgQI1BUQFKhLJAMBAgQIECBAgAABAgQIEGhPAUGB9mxXtSJAgAABAgQIECBAgAABAnUFBAXqEslAgAABAgQIECBAgAABAgTaU0BQoD3bVa0IECBAgAABAgQIECBAgEBdAUGBukQyECBAgAABAgQIECBAgACB9hQQFGjPdlUrAgQIECBAgAABAgQIECBQV0BQoC6RDAQIECBAgAABAgQIECBAoD0FBAXas13VigABAgQIECBAgAABAgQI1BUQFKhLJAMBAgQIECBAgAABAgQIEGhPAUGB9mxXtSJAgAABAgQIECBAgAABAnUFBAXqEslAgAABAgQIECBAgAABAgTaU0BQoD3bVa0IECBAgAABAgQIECBAgEBdAUGBukQyECBAgAABAgQIECBAgACB9hQQFGjPdlUrAgQIECBAgAABAgQIECBQV0BQoC6RDAQIECBAgAABAgQIECBAoD0FBAXas13VigABAgQIECBAgAABAgQI1BUQFKhLJAMBAgQIECBAgAABAgQIEGhPAUGB9mxXtSJAgAABAgQIECBAgAABAnUFBAXqEslAgAABAgQIECBAgAABAgTaU0BQoD3bVa0IECBAgAABAgQIECBAgEBdAUGBukQyECBAgAABAgQIECBAgACB9hQQFGjPdlUrAgQIECBAgAABAgQIECBQV0BQoC6RDAQIECBAgAABAgQIECBAoD0FBAXas13VigABAgQIECBAgAABAgQI1BXo6Mypbi4ZCBAgQIAAAQIECBAgQIAAgZUiMG36jDR50oSmXNtIgaawOikBAgQIECBAgAABAgQIEGh9AUGB1m8jJSRAgAABAgQIECBAgAABAk0REBRoCquTEiBAgAABAgQIECBAgACB1hcQFGj9NlJCAgQIECBAgAABAgQIECDQFAFBgaawOikBAgQIECBAgAABAgQIEGh9AUGB1m8jJSRAgAABAgQIECBAgAABAk0REBRoCquTEiBAgAABAgQIECBAgACB1hcQFGj9NlJCAgQIECBAgAABAgQIECDQFAFBgaawOikBAgQIECBAgAABAgQIEGh9AUGB1m8jJSRAgAABAgQIECBAgAABAk0REBRoCquTEiBAgAABAgQIECBAgACB1hcQFGj9NlJCAgQIECBAgAABAgQIECDQFAFBgaawOikBAgQIECBAgAABAgQIEGh9AUGB1m8jJSRAgAABAgQIECBAgAABAk0REBRoCquTEiBAgAABAgQIECBAgACB1hcQFGj9NlJCAgQIECBAgAABAgQIECDQFAFBgaawOikBAgQIECBAgAABAgQIEGh9AUGB1m8jJSRAgAABAgQIECBAgAABAk0REBRoCquTEiBAgAABAgQIECBAgACB1hcQFGj9NlJCAgQIECBAgAABAgQIECDQFAFBgaawOikBAgQIECBAgAABAgQIEGh9AUGB1m8jJSRAgAABAgQIECBAgAABAk0REBRoCquTEiBAgAABAgQIECBAgACB1hcQFGj9NlJCAgQIECBAgAABAgQIECDQFAFBgaawOikBAgQIECBAgAABAgQIEGh9AUGB1m8jJSRAgAABAgQIECBAgAABAk0REBRoCquTEiBAgAABAgQIECBAgACB1hcQFGj9NlJCAgQIECBAgAABAgQIECDQFAFBgaawOikBAgQIECBAgAABAgQIEGh9AUGB1m8jJSRAgAABAgQIECBAgAABAk0RGNGUszrpoAj85Lon0hmXzE+XT1uYOgfljEPrJB25urtNHp7eveeotP8ObvWh1fpqS4AAAQIECBAgQIBAfwQ6OnPqT0Z5nlyB4385L5164fwn96JtfLXj9h6VTtl3dBvXUNUIECBAgAABAgQIEGhXgWnTZ6TJkyY0pXqmDzSFdWAnjRECAgIDM+x9dHiGq0SAAAHoU2qnAAAQAklEQVQCBAgQIECAAAECiwUEBRZbtMxWTBmQBl+A6+CbOiMBAgQIECBAgAABAqu2gKBAC7ZfrCEgDb4A18E3dUYCBAgQIECAAAECBFZtAUGBFmw/izw0p1G4NsfVWQkQIECAAAECBAgQWHUFBAVW3bZTcgIECBAgQIAAAQIECBAgMCABQYEB8TmYAAECBAgQIECAAAECBAisugKCAqtu2yk5AQIECBAgQIAAAQIECBAYkICgwID4HEyAAAECBAgQIECAAAECBFZdAUGBVbftlJwAAQIECBAgQIAAAQIECAxIQFBgQHwOJkCAAAECBAgQIECAAAECq66AoMCq23YtVfJnbTQsPX0Dt1NLNYrCECBAgAABAgQIECBAoI7AiDqf+3gVFNh4rY500JSRacL4jjR1+qJ07rUL0sJFg1eRd+85Kj0wuzN996oF5aTbbzwsXfeB1VNnZ0rjjpmV5szPGxIBAgQIECBAgAABAgQItLyAoEDLN1H/CxhBgL+fsHpaZ7WOJQ6Kv75/dVcHfokPVuCPYflkp+8/Oj04Z3FQ4N/3daaZj3WmR+d2prkLBARWgNUhBAgQIECAAAECBAgQWCkCggIrhX3wL7rmmMUBgVnzOtPXr1iQZjzSmV6yzYg07f7BGyawx5bDlyp8XG+D42Yttd8OAgQIECBAgAABAgQIEGhtAUGB1m6ffpfu5H1HlRECc+anNOH42Sk66pE++bu8ozu9evsR6bOvGp02XWdYeiLHCW6+Z1F6+ZfmpLse7sobUwAmr9eRXnjm4+mrB45JsU7AfbM60/Hnz0vfyEGGrx80Jr3xOSPL2dYe25Ee/cy4dNsDnWnKp2anhz49Lj08J6WNPzgrjcxxgwc+Oa6MHjj6Z/PS5187Ok1ce1j6x8xF6ZBvz01X/2dhevtuI9Nncll+c/PCdMA3Hi/nPODZI8p1L/nXwvQ/Z3fti3UKfvLWsWnL9YelGKVwWw5w7Jc/i7JLBAgQIECAAAECBAgQIDAwASvDDcyvZY7efXJXfOfzl87vCQjUFu7l245IPzlsbJq07rB0dx5BMH9hZ9oud/pv+eDqab1xXdMNNl2nI62RRxxc/K6xaYM1O9KChSk9dY2OdEaeLhApQgePdQcb4u9Z81J6MK8tEJ311Ud1pPVz3kjxd5xn8/WGpXMPHZs6unanbXIHP6YeRIrzR55J63Z/mPdNGD+se1/XbRlrI1zz/tXLcf++b1EJXmzxlGFp6vtWS8PducXRDwIECBAgQIAAAQIECAxEQNdqIHotdOxW63d1ri+/Lffkl5E+9crRpXP+o2ueKE/zxx09K93zaGfphL9rj1FLHHHNfxbl0Qaz0vj3Pta1eODojrT1U4elt35vbjrg611P8GMEwYYnzMqjCvLwgOWkCA687+fz0qYfmp1e233cThOXnn6wnMPT+188Oo3JAxNi5MA2H5udJn5oVnoor2UwLpdn/zzqQSJAgAABAgQIECBAgACBgQkICgzMr+WOHrOcvnI8YY909uWLpxP89uYnyr69n75kR/0zF3flmZc/vjd3/iNN7j6+/NHPH/E2gi/kkQuRzruh61qjlrxUn2eq1i+IEQ3TPrx6+bd6DghE2mGTBk7U51V8SIAAAQIECBAgQIAAgaErICjQJm0/Mz/1j7TX1suOCsRT+0jxKsEqVVMBxo7s/rD7g/u7AwHx56IBTN2PdQuqtGjxZatd5ffI4YuvHWsR1KaxXcsXlKkC8/MAiPgXawrE2gS3WFOglso2AQIECBAgQIAAAQIEVkhg2T3IFTqVg1amwAU3LUxH7jEsvWWXkemMP85faiG+ux5eVBYYfPPOI1Ms/hdpn6d3Nf+leXh+o2nUAO+ch7tmIeQyLQ4KvGCrJaMCsY5AjHCIKQMxfUAiQIAAAQIECBAgQIAAgcEVGGDXbnAL42wrLnDUT+emQ3YekapXE8bT9FgzYKu8av8xP5ubvnr5gnTyvqPTUS8YlaZsOrwsCrhl7nDHE/wvXbZ4SkG9Evx1+qKyzsBa+e0DFxwxNl10y8KGjq/O/62pC8oChuus1pEuP3q19GDu+O+dX59Ym44/f37ZF29LmHnquPTHWxemBbnAL9pqRNrr83OWCnzUHmubAAECBAgQIECAAAECBOoLmD5Q32iVyLEwD9WfdOLsNHV611P/WOk/nrxvOL4jzVmQ0scvnJ877wtSfulA2n3y8BIsiNcWvrhO57oa9R/njxTH/CF3ziO9NI80OOoF3WP8y57+/3jk8c70yxufKAGGXTcfXsp60q+7RjDEWgSRrrtzYTo0L24Yr1mMNxscsOOIdPCUkWntHEiIOkkECBAgQIAAAQIECBAgMDCBjs6cBnYKRw+2QMeRjw34lPG2gFiU76YZC9PcXh3o7TcelmLdgDsfXvGmj9cFbrTWsHTDXUufv5HCx8iGeC3h3+6qWYBgGSeI60Wdbr23M/3nob7zLuPwnl2dX1ijZ9sGAQIECBAgQIAAAQIEVgWBadNnpMmTJjSlqEuO127KJZx0ZQjE9IHlpevvXP5nyzum9/4IKNz5cONrEfQ+z6NzO3NAoH5wYrCu1/v6/iZAgAABAgQIECBAgMBQFjB9YCi3vroTIECAAAECBAgQIECAwJAWEBQY0s2v8gQIECBAgAABAgQIECAwlAUEBYZy66s7AQIECBAgQIAAAQIECAxpAUGBId38Kk+AAAECBAgQIECAAAECQ1lAUGAot766EyBAgAABAgQIECBAgMCQFhAUGNLNr/IECBAgQIAAAQIECBAgMJQFBAWGcuurOwECBAgQIECAAAECBAgMaQFBgRZs/o4WLFM7FIlrO7SiOhAgQIAAAQIECBAgMJgCggKDqTlI59pt8vBBOpPT1ApwrdWwTYAAAQIECBAgQIAAgZQEBVrwLnj3nqNasFSrfpG4rvptqAYECBAgQIAAAQIECAyugKDA4HoOytn232FEOm5vgYFBwew+SXiGq0SAAAECBAgQIECAAAECiwX0khZbtNTWKfuOTs/eeHg645L56fJpC1NnS5Vu1ShMrCEQUwZihICAwKrRZkpJgAABAgQIECBAgMCTK9DRmdOTe0lXI0CAAAECBAgQIECAAAECBPorMG36jDR50oT+Zm8on+kDDXHJTIAAAQIECBAgQIAAAQIE2kdAUKB92lJNCBAgQIAAAQIECBAgQIBAQwKCAg1xyUyAAAECBAgQIECAAAECBNpHQFCgfdpSTQgQIECAAAECBAgQIECAQEMCggINcclMgAABAgQIECBAgAABAgTaR0BQoH3aUk0IECBAgAABAgQIECBAgEBDAoICDXHJTIAAAQIECBAgQIAAAQIE2kdAUKB92lJNCBAgQIAAAQIECBAgQIBAQwKCAg1xyUyAAAECBAgQIECAAAECBNpHQFCgfdpSTQgQIECAAAECBAgQIECAQEMCggINcclMgAABAgQIECBAgAABAgTaR0BQoH3aUk0IECBAgAABAgQIECBAgEBDAoICDXHJTIAAAQIECBAgQIAAAQIE2kdAUKB92lJNCBAgQIAAAQIECBAgQIBAQwKCAg1xyUyAAAECBAgQIECAAAECBNpHQFCgfdpSTQgQIECAAAECBAgQIECAQEMCggINcclMgAABAgQIECBAgAABAgTaR0BQoH3aUk0IECBAgAABAgQIECBAgEBDAoICDXHJTIAAAQIECBAgQIAAAQIE2kdAUKB92lJNCBAgQIAAAQIECBAgQIBAQwKCAg1xyUyAAAECBAgQIECAAAECBNpHQFCgfdpSTQgQIECAAAECBAgQIECAQEMCggINcclMgAABAgQIECBAgAABAgTaR0BQoH3aUk0IECBAgAABAgQIECBAgEBDAoICDXHJTIAAAQIECBAgQIAAAQIE2kdAUKB92lJNCBAgQIAAAQIECBAgQIBAQwKCAg1xyUyAAAECBAgQIECAAAECBNpHQFCgfdpSTQgQIECAAAECBAgQIECAQEMCggINcclMgAABAgQIECBAgAABAgTaR0BQoH3aUk0IECBAgAABAgQIECBAgEBDAoICDXHJTIAAAQIECBAgQIAAAQIE2kdAUKB92lJNCBAgQIAAAQIECBAgQIBAQwKCAg1xyUyAAAECBAgQIECAAAECBNpHQFCgfdpSTQgQIECAAAECBAgQIECAQEMCggINcclMgAABAgQIECBAgAABAgTaR0BQoH3aUk0IECBAgAABAgQIECBAgEBDAoICDXHJTIAAAQIECBAgQIAAAQIE2kdAUKB92lJNCBAgQIAAAQIECBAgQIBAQwKCAg1xyUyAAAECBAgQIECAAAECBNpHQFCgfdpSTQgQIECAAAECBAgQIECAQEMCggINcclMgAABAgQIECBAgAABAgTaR0BQoH3aUk0IECBAgAABAgQIECBAgEBDAoICDXHJTIAAAQIECBAgQIAAAQIE2kdAUKB92lJNCBAgQIAAAQIECBAgQIBAQwKCAg1xyUyAAAECBAgQIECAAAECBNpHQFCgfdpSTQgQIECAAAECBAgQIECAQEMCggINcclMgAABAgQIECBAgAABAgTaR0BQoH3aUk0IECBAgAABAgQIECBAgEBDAoICDXHJTIAAAQIECBAgQIAAAQIEnjyB+QueSCNHjmjaBQUFmkbrxAQIECBAgAABAgQIECBAYGACc+bMS2PHjBrYSfo4WlCgDxwfESBAgAABAgQIECBAgACBlSnwyGOz0xrjxjatCIICTaN1YgIECBAgQIAAAQIECBAgsOIC9z3wSFpt7Og0ZrSRAiuu6EgCBAgQIECAAAECBAgQILCKCURAYMETC9NT1h3f1JJ3dObU1Cs4OQECBAgQIECAAAECBAgQIFBXIBYVjDUEYspAjBBodkAgCtTx79vvFhSo2zQyECBAgAABAgQIECBAgACB5grEWwZiUcFYQ6CZUwZqa2GkQK2GbQIECBAgQIAAAQIECBAgMIQELDQ4hBpbVQkQIECAAAECBAgQIECAQK2AoECthm0CBAgQIECAAAECBAgQIDCEBAQFhlBjqyoBAgQIECBAgAABAgQIEKgVEBSo1bBNgAABAgQIECBAgAABAgSGkICgwBBqbFUlQIAAAQIECBAgQIAAAQK1AoICtRq2CRAgQIAAAQIECBAgQIDAEBIQFBhCja2qBAgQIECAAAECBAgQIECgVkBQoFbDNgECBAgQIECAAAECBAgQGEICggJDqLFVlQABAgQIECBAgAABAgQI1AoICtRq2CZAgAABAgQIECBAgAABAkNIQFBgCDW2qhIgQIAAAQIECBAgQIAAgVoBQYFaDdsECBAgQIAAAQIECBAgQGAICQgKDKHGVlUCBAgQIECAAAECBAgQIFArIChQq2GbAAECBAgQIECAAAECBAgMIQFBgSHU2KpKgAABAgQIECBAgAABAgRqBQQFajVsEyBAgAABAgQIECBAgACBISTw/zbm5xo3ahx+AAAAAElFTkSuQmCC', 'eyJhbGciOiJIUzI1NiIsInR5cCI6IkpXVCJ9.eyJzdWIiOiJhOTViMDhjNS01YTllLTQ2M2ItYjA4MC02ZmEyNDE1YzBjMTkiLCJJZCI6ImE5NWIwOGM1LTVhOWUtNDYzYi1iMDgwLTZmYTI0MTVjMGMxOSIsIkVtYWlsIjoidGVzdEBkZWJ1Zy5jb20iLCJVc2VyVHlwZSI6IjEiLCJPcmdJZCI6IjBiZjM4OWI0LWU5MWItNDVjMC1iZDJlLTFkMGM1OTIwZDA4ZiIsImV4cCI6MTc0MjA3MTQxNiwiaXNzIjoiTWF0Y3Jvbi5vbmxpbmUiLCJhdWQiOiJNYXRjcm9uLm9ubGluZSJ9.GVnOVKNBoygUp7TKE-uaYmcgBdJ8IyZUGenzkYG3U7U', 1),
                                                                                                                                                        ('d1744597-4cc3-4783-b2fa-d8079f62b63b', 'aafbb82a-e27d-11ef-b30d-0242ac130002', 'Angela ', 'james', '47967c40d33dd50155c726eb55e88b60c4878463ed206ed9b4247783d370e8f1', 'angela@gmail.com', 0, 1, NULL, 'eyJhbGciOiJIUzI1NiIsInR5cCI6IkpXVCJ9.eyJzdWIiOiJkMTc0NDU5Ny00Y2MzLTQ3ODMtYjJmYS1kODA3OWY2MmI2M2IiLCJJZCI6ImQxNzQ0NTk3LTRjYzMtNDc4My1iMmZhLWQ4MDc5ZjYyYjYzYiIsIkVtYWlsIjoiYW5nZWxhQGdtYWlsLmNvbSIsIlVzZXJUeXBlIjoiMSIsIk9yZ0lkIjoiYWFmYmI4MmEtZTI3ZC0xMWVmLWIzMGQtMDI0MmFjMTMwMDAyIiwiT3JnVHlwZSI6IjEiLCJleHAiOjE3NDQ1NTExNzMsImlzcyI6Ik1hdGNyb24ub25saW5lIiwiYXVkIjoiTWF0Y3Jvbi5vbmxpbmUifQ.ogWPVGw8XDTGU2ZZ2UnPB2e0U86QNO9mJZWgiSpogno', 1),
                                                                                                                                                        ('d7f6290c-aed8-4b50-a65e-f034d09328db', '0bf389b4-e91b-45c0-bd2e-1d0c5920d08f', NULL, NULL, NULL, 'test789@example.com', 0, 1, NULL, NULL, 1),
                                                                                                                                                        ('dd86336c-7806-4932-b8f2-efee2a21c039', '3e176182-beca-11ef-a25f-0242ac180002', 'Jason', 'Njoku', '47967c40d33dd50155c726eb55e88b60c4878463ed206ed9b4247783d370e8f1', 'jasnjoku@gmail.com', 0, 1, NULL, NULL, 1),
                                                                                                                                                        ('deb8f772-4931-4d81-af32-257c224dc306', '0bf389b4-e91b-45c0-bd2e-1d0c5920d08f', NULL, NULL, NULL, 'test123@example.com', 0, 1, NULL, NULL, 1),
                                                                                                                                                        ('df45a3f4-4bc5-4636-84cf-511cea76b4d9', '0bf389b4-e91b-45c0-bd2e-1d0c5920d08f', 'Reciever', 'Dev', '47967c40d33dd50155c726eb55e88b60c4878463ed206ed9b4247783d370e8f1', 'recieve@matcron.com', 0, 1, NULL, 'eyJhbGciOiJIUzI1NiIsInR5cCI6IkpXVCJ9.eyJzdWIiOiJkZjQ1YTNmNC00YmM1LTQ2MzYtODRjZi01MTFjZWE3NmI0ZDkiLCJJZCI6ImRmNDVhM2Y0LTRiYzUtNDYzNi04NGNmLTUxMWNlYTc2YjRkOSIsIkVtYWlsIjoicmVjaWV2ZUBtYXRjcm9uLmNvbSIsIlVzZXJUeXBlIjoiMSIsIk9yZ0lkIjoiMGJmMzg5YjQtZTkxYi00NWMwLWJkMmUtMWQwYzU5MjBkMDhmIiwiZXhwIjoxNzM4OTAzMDEzLCJpc3MiOiJNYXRjcm9uLm9ubGluZSIsImF1ZCI6Ik1hdGNyb24ub25saW5lIn0.2GtbtYtuuBcMs_9sYpXyDS0BWLhaAmVf4NwYUj4xq_A', 1);

-- Dumping structure for table matcron_db.UserVerifications
CREATE TABLE IF NOT EXISTS `UserVerifications` (
                                                   `UserId` char(36) NOT NULL,
    `EmailConfirmed` tinyint(1) NOT NULL DEFAULT '0',
    `EmailVerificationToken` varchar(255) DEFAULT NULL,
    `TokenExpiration` datetime DEFAULT NULL,
    PRIMARY KEY (`UserId`),
    CONSTRAINT `FK_UsersVerification_User` FOREIGN KEY (`UserId`) REFERENCES `Users` (`Id`) ON DELETE CASCADE
    ) ENGINE=InnoDB DEFAULT CHARSET=utf8mb4 COLLATE=utf8mb4_0900_ai_ci;

-- Dumping data for table matcron_db.UserVerifications: ~15 rows (approximately)
DELETE FROM `UserVerifications`;
INSERT INTO `UserVerifications` (`UserId`, `EmailConfirmed`, `EmailVerificationToken`, `TokenExpiration`) VALUES
                                                                                                              ('05e14fc1-0d70-4dc9-8b3e-67add921e84f', 0, 'mm1Jaf1hlOHOvr3R2Njw76Zr5pl1eGmJBcWPZuQ1LNg', '2025-03-15 00:08:01'),
                                                                                                              ('10338a6e-cc4d-4fe9-8df1-828f97d8c089', 1, NULL, '2025-03-15 11:46:10'),
                                                                                                              ('11733c34-0804-435d-a276-77125abdebd4', 0, 'kNegR2u7pCORMkwq_yxc6CX2wnKqfa1gzMo8uj5KRNA', '2025-03-15 20:05:26'),
                                                                                                              ('1bdd9d8d-0274-40e3-976c-049a4d38ec6d', 1, NULL, '2025-03-15 16:55:18'),
                                                                                                              ('266ea466-b384-44a6-964e-fd9e6f51118c', 1, NULL, '2025-03-15 17:56:01'),
                                                                                                              ('5a207b49-5ea5-4b3e-a9ff-1ae6cc0f45b0', 0, 'B_hF8IZJWp11dco_DWZBIVbvo-35G5SUk5oviHPJuTY', '2025-03-15 00:03:52'),
                                                                                                              ('5aebcf70-a339-4f63-850f-75c96ea49dbb', 0, 'vSRFHsh6QYYJUZM9jYAeihGxo-9TBKEYioaifYMl8Tk', '2025-03-15 00:07:32'),
                                                                                                              ('67dd5f17-0d9f-4d1c-894c-dfeff8a814c3', 0, 'dpc3K8WTAJd3CxYV-oje-jvKbvQcZCk8S9BjlikO9q8', '2025-03-15 00:15:13'),
                                                                                                              ('6ddee196-1956-47d5-b8d0-67191f88d716', 1, NULL, '2025-03-15 01:07:40'),
                                                                                                              ('7d5cd85f-b10a-4260-a381-6d83202db956', 0, 'PMsYKHhbIZHFpnPE9DzkPyLauPABuQlz-yfwjYr9NXg', '2025-03-15 00:32:44'),
                                                                                                              ('9b9168a3-0ad4-43ac-9581-87b189ac57a2', 1, NULL, '2025-03-15 02:06:38'),
                                                                                                              ('9c29d4fe-15f3-4354-91f3-5dbf9b6afb9b', 1, NULL, '2025-03-15 20:55:51'),
                                                                                                              ('a95b08c5-5a9e-463b-b080-6fa2415c0c19', 1, NULL, '2025-03-15 00:33:05'),
                                                                                                              ('d7f6290c-aed8-4b50-a65e-f034d09328db', 0, 'YKm3-1e4OTd313XYe9l7Aka0MOMj0e15uHCTLaxkDCg', '2025-03-15 00:32:23'),
                                                                                                              ('deb8f772-4931-4d81-af32-257c224dc306', 0, 'aLq8p84IRUyh581z0pR_EqQitIumFSn5ettJjPHR7tc', '2025-03-15 00:22:46');

/*!40103 SET TIME_ZONE=IFNULL(@OLD_TIME_ZONE, 'system') */;
/*!40101 SET SQL_MODE=IFNULL(@OLD_SQL_MODE, '') */;
/*!40014 SET FOREIGN_KEY_CHECKS=IFNULL(@OLD_FOREIGN_KEY_CHECKS, 1) */;
/*!40101 SET CHARACTER_SET_CLIENT=@OLD_CHARACTER_SET_CLIENT */;
/*!40111 SET SQL_NOTES=IFNULL(@OLD_SQL_NOTES, 1) */;
